{"type": "FeatureCollection", "name": "Kapellen_streets", "crs": {"type": "name", "properties": {"name": "urn:ogc:def:crs:OGC:1.3:CRS84"}}, "metadata": {"municipality": "Kapellen", "nis": "11023", "street_count": 313, "osm_boundary_relation": 61255, "sources": ["Vlaamse basisregisters (Adressenregister)", "OpenStreetMap contributors (ODbL)"]}, "features": [{"type": "Feature", "properties": {"name": "Abeeldreef", "street_id": "5316", "municipality": "Kapellen", "nis": "11023", "geometry_source": "osm_way", "length_m": 123.2, "osm_way_ids": [28941604], "highway_types": ["residential"], "lat": 51.3096038, "lon": 4.4242497}, "geometry": {"type": "MultiLineString", "coordinates": [[[4.4250074, 51.3098882], [4.423492, 51.3093193]]]}}, {"type": "Feature", "properties": {"name": "Acaciadreef", "street_id": "5317", "municipality": "Kapellen", "nis": "11023", "geometry_source": "osm_way", "length_m": 312.5, "osm_way_ids": [77417107], "highway_types": ["residential"], "lat": 51.3086218, "lon": 4.4287732}, "geometry": {"type": "MultiLineString", "coordinates": [[[4.4307237, 51.3093152], [4.428882, 51.308657], [4.4268206, 51.3079343]]]}}, {"type": "Feature", "properties": {"name": "Akkerstraat", "street_id": "5318", "municipality": "Kapellen", "nis": "11023", "geometry_source": "osm_way", "length_m": 791.7, "osm_way_ids": [147490960, 147490963, 147490966, 1328313576], "highway_types": ["path", "residential"], "lat": 51.3079137, "lon": 4.4248351}, "geometry": {"type": "MultiLineString", "coordinates": [[[4.4219024, 51.3109569], [4.4219698, 51.3108878], [4.4226139, 51.3102178], [4.4231504, 51.3096629], [4.423492, 51.3093193], [4.4236549, 51.3091512], [4.4252425, 51.3075261], [4.4260235, 51.3066722], [4.4266035, 51.3060342], [4.4266582, 51.3059802], [4.4266992, 51.3059366], [4.4277577, 51.3048613]]]}}, {"type": "Feature", "properties": {"name": "Albert-Louisastraat", "street_id": "5320", "municipality": "Kapellen", "nis": "11023", "geometry_source": "osm_way", "length_m": 273.3, "osm_way_ids": [26157750, 125004552], "highway_types": ["residential"], "lat": 51.3549132, "lon": 4.3962964}, "geometry": {"type": "MultiLineString", "coordinates": [[[4.3967954, 51.3537186], [4.3967554, 51.3543536], [4.3961158, 51.3552433], [4.3955267, 51.3560042]]]}}, {"type": "Feature", "properties": {"name": "Albertdreef", "street_id": "5319", "municipality": "Kapellen", "nis": "11023", "geometry_source": "osm_way", "length_m": 679.3, "osm_way_ids": [23540808, 23540811, 23540843, 388312252, 1112541849], "highway_types": ["residential"], "lat": 51.3093588, "lon": 4.4179107}, "geometry": {"type": "MultiLineString", "coordinates": [[[4.4168706, 51.3104098], [4.4169066, 51.3103605], [4.4169304, 51.3103332], [4.4169666, 51.3102892], [4.4170541, 51.3101978], [4.4173415, 51.3099252], [4.4181598, 51.3091275], [4.4185117, 51.3087626], [4.4185822, 51.3086506]], [[4.4170541, 51.3101978], [4.4169668, 51.3101308], [4.416941, 51.3100611], [4.4170011, 51.3099859], [4.4181169, 51.3088646], [4.4182542, 51.3087465], [4.418383, 51.3086929], [4.4185822, 51.3086506]], [[4.4185117, 51.3087626], [4.4186319, 51.3088646], [4.4186061, 51.3089665], [4.4183551, 51.309204], [4.4176019, 51.3099859], [4.4173415, 51.3099252]], [[4.4185822, 51.3086506], [4.4187643, 51.3085462], [4.419113, 51.3083945], [4.4191445, 51.3083805], [4.4192179, 51.3083479]]]}}, {"type": "Feature", "properties": {"name": "Antwerpsesteenweg", "street_id": "5321", "municipality": "Kapellen", "nis": "11023", "geometry_source": "osm_way", "length_m": 2676.5, "osm_way_ids": [23241025, 23241027, 32397743, 32397760, 32397800, 32397876, 77397197, 77397198, 101028325, 138313393, 138313395, 138313396, 138313398, 150655901, 289038031, 289038032, 289038033, 289101123, 289101126, 289101127, 289101128, 289101129, 289101130, 289101131, 289101132, 289101133, 289101134, 389179099, 1328320733], "highway_types": ["cycleway", "primary", "residential"], "lat": 51.3069231, "lon": 4.4334703}, "geometry": {"type": "MultiLineString", "coordinates": [[[4.4290538, 51.3139522], [4.4287911, 51.3135185], [4.4287776, 51.3134493], [4.4288006, 51.3133927], [4.4289218, 51.3132115], [4.4289812, 51.3131233], [4.429402, 51.3125394], [4.4295218, 51.3123735], [4.4301275, 51.3115348], [4.4302312, 51.3113912]], [[4.4291063, 51.3139717], [4.4291995, 51.3141281], [4.4292061, 51.3141436], [4.4292273, 51.3141826]], [[4.4292219, 51.3142151], [4.4292962, 51.3143386]], [[4.4302312, 51.3113912], [4.4302955, 51.3112245], [4.4309679, 51.3103007], [4.4312873, 51.3098439], [4.4316159, 51.3093847], [4.4319409, 51.3089297], [4.4319988, 51.3088517], [4.4321023, 51.3087588]], [[4.4309838, 51.3102825], [4.4310137, 51.3103175], [4.4310311, 51.3103517], [4.4310236, 51.3103859], [4.4309987, 51.3104227], [4.4304934, 51.3111359], [4.4303604, 51.3113236], [4.430314, 51.3113575], [4.4302312, 51.3113912]], [[4.4302955, 51.3112245], [4.4302563, 51.3111987], [4.4302456, 51.3111534], [4.4302618, 51.3110738], [4.4302659, 51.3110537], [4.4303018, 51.3109846], [4.4303389, 51.3109332], [4.4308212, 51.3102808], [4.4309214, 51.3101379], [4.4309539, 51.3101833], [4.4309838, 51.3102825]], [[4.4308212, 51.3102808], [4.4308581, 51.3102739], [4.4308967, 51.31027], [4.4309415, 51.3102716], [4.4309838, 51.3102825]], [[4.4314108, 51.3098657], [4.4313447, 51.3098695], [4.4312887, 51.3098646], [4.4312529, 51.3098568], [4.4312086, 51.3098384]], [[4.4314108, 51.3098657], [4.4313351, 51.3099746], [4.4312878, 51.31004], [4.4312606, 51.3100987], [4.4312323, 51.3100615], [4.4311855, 51.3098788], [4.4311945, 51.309863], [4.4312086, 51.3098384]], [[4.4312086, 51.3098384], [4.4312014, 51.309796], [4.4312022, 51.3097685], [4.4312484, 51.3097056], [4.4317613, 51.3090062], [4.4318786, 51.3088463], [4.4319387, 51.3088087], [4.4321023, 51.3087588]], [[4.4322306, 51.308637], [4.432215, 51.308701], [4.432199, 51.3087668], [4.4319828, 51.3090672], [4.4314108, 51.3098657]], [[4.4321023, 51.3087588], [4.4322306, 51.308637]], [[4.4322306, 51.308637], [4.4322459, 51.30862], [4.4323078, 51.3085512], [4.4324936, 51.3082951], [4.4326839, 51.3080327], [4.432989, 51.3076121], [4.4333248, 51.3071492], [4.4335019, 51.306905], [4.4338762, 51.3063817], [4.4339463, 51.3062828], [4.4339844, 51.3062291]], [[4.434101, 51.3060696], [4.4341369, 51.3060206], [4.4346332, 51.3053428], [4.4346744, 51.3052865], [4.4347833, 51.3051331], [4.4348608, 51.3050215], [4.4352842, 51.3044377], [4.4355777, 51.3039849], [4.4357108, 51.3038058], [4.4358763, 51.3035831], [4.4361957, 51.3031532], [4.4362087, 51.3031357], [4.4363262, 51.3029882], [4.436446, 51.3028251], [4.4364635, 51.3028022], [4.4366921, 51.3025023], [4.4368423, 51.3022821], [4.4374783, 51.3013902], [4.4383398, 51.3001819], [4.4391873, 51.2990279], [4.4393559, 51.2987544], [4.4395231, 51.2985193], [4.4396803, 51.2983045], [4.43971, 51.298264], [4.4398677, 51.2980873], [4.4399101, 51.2980374], [4.4399899, 51.2979435], [4.4401174, 51.2977758], [4.4402389, 51.2975975]]]}}, {"type": "Feature", "properties": {"name": "Asterlaan", "street_id": "5322", "municipality": "Kapellen", "nis": "11023", "geometry_source": "osm_way", "length_m": 350.2, "osm_way_ids": [51275456, 147490968], "highway_types": ["residential"], "lat": 51.332373, "lon": 4.4377882}, "geometry": {"type": "MultiLineString", "coordinates": [[[4.437138, 51.3325866], [4.4367718, 51.3329447]], [[4.4390815, 51.3322287], [4.4384474, 51.331979], [4.4379813, 51.3318016], [4.4378799, 51.3317805], [4.4377697, 51.3317919], [4.4371701, 51.3324078], [4.4371316, 51.3324809], [4.437138, 51.3325866], [4.438321, 51.3330429]]]}}, {"type": "Feature", "properties": {"name": "Azalealaan", "street_id": "5323", "municipality": "Kapellen", "nis": "11023", "geometry_source": "osm_way", "length_m": 790.5, "osm_way_ids": [101371529, 101371538, 101371539], "highway_types": ["residential"], "lat": 51.3286606, "lon": 4.4296137}, "geometry": {"type": "MultiLineString", "coordinates": [[[4.4279928, 51.3277695], [4.4270277, 51.3285662], [4.4261519, 51.3295738]], [[4.4283459, 51.3277593], [4.4337519, 51.3299893]], [[4.4283284, 51.3275637], [4.4283973, 51.3276676], [4.4283459, 51.3277593], [4.4283284, 51.3277715], [4.4281621, 51.3278145], [4.4279959, 51.3277715], [4.4279928, 51.3277695], [4.427927, 51.3276676], [4.4279959, 51.3275637], [4.4281491, 51.3275209], [4.4281621, 51.3275207], [4.4283284, 51.3275637]]]}}, {"type": "Feature", "properties": {"name": "Bakkersdreef", "street_id": "5324", "municipality": "Kapellen", "nis": "11023", "geometry_source": "osm_way", "length_m": 364.3, "osm_way_ids": [121686956], "highway_types": ["residential"], "lat": 51.3525849, "lon": 4.4855761}, "geometry": {"type": "MultiLineString", "coordinates": [[[4.4866323, 51.351088], [4.4865869, 51.3511265], [4.4865043, 51.3512598], [4.4859434, 51.3520856], [4.485799, 51.3522871], [4.4850405, 51.3533313], [4.4845135, 51.3540799]]]}}, {"type": "Feature", "properties": {"name": "Bareellaan", "street_id": "5325", "municipality": "Kapellen", "nis": "11023", "geometry_source": "osm_way", "length_m": 665.3, "osm_way_ids": [23523410], "highway_types": ["residential"], "lat": 51.3595584, "lon": 4.4527859}, "geometry": {"type": "MultiLineString", "coordinates": [[[4.4566638, 51.3579996], [4.4527697, 51.3595301], [4.44961, 51.3607925], [4.4492907, 51.3615195]]]}}, {"type": "Feature", "properties": {"name": "Baron Paul Kronackerdreef", "street_id": "5326", "municipality": "Kapellen", "nis": "11023", "geometry_source": "osm_way", "length_m": 812.0, "osm_way_ids": [101371536, 932759913], "highway_types": ["path"], "lat": 51.3313269, "lon": 4.4373622}, "geometry": {"type": "MultiLineString", "coordinates": [[[4.4342397, 51.3343928], [4.4352061, 51.33346], [4.4357808, 51.3328895], [4.4372818, 51.3314389], [4.4375329, 51.3311916], [4.4378508, 51.3308512], [4.4384854, 51.3302139], [4.4390273, 51.3296698], [4.4403727, 51.3283277], [4.4404296, 51.3282146]]]}}, {"type": "Feature", "properties": {"name": "Bauwinlaan", "street_id": "5327", "municipality": "Kapellen", "nis": "11023", "geometry_source": "osm_way", "length_m": 338.7, "osm_way_ids": [164633321, 196842756], "highway_types": ["residential"], "lat": 51.3093552, "lon": 4.4538116}, "geometry": {"type": "MultiLineString", "coordinates": [[[4.45478, 51.3084453], [4.4547493, 51.3084653], [4.4546422, 51.3084924], [4.454454, 51.308611], [4.4540767, 51.3088849], [4.4544083, 51.3090534], [4.4543983, 51.3091229], [4.4537497, 51.3095637], [4.4537119, 51.3096429], [4.4535362, 51.3097783], [4.4528961, 51.310233], [4.4526413, 51.3104141], [4.4525662, 51.3104459]], [[4.4540767, 51.3088849], [4.4539747, 51.3088891], [4.4536663, 51.308727]]]}}, {"type": "Feature", "properties": {"name": "Bergstraat", "street_id": "5328", "municipality": "Kapellen", "nis": "11023", "geometry_source": "osm_way", "length_m": 684.3, "osm_way_ids": [147455842, 195756548, 195756549, 195756550, 284956912, 1080518157], "highway_types": ["cycleway", "residential", "service"], "lat": 51.3147728, "lon": 4.4227537}, "geometry": {"type": "MultiLineString", "coordinates": [[[4.4218649, 51.3153779], [4.4217855, 51.3153848], [4.4217006, 51.3153643], [4.4205587, 51.3148847], [4.420508, 51.3148636]], [[4.4218649, 51.3153779], [4.42267, 51.3157071], [4.4234057, 51.3149936], [4.4236483, 51.3147574], [4.4244015, 51.3150836]], [[4.4242875, 51.3129918], [4.424239, 51.3130434], [4.4231062, 51.3141621], [4.4221258, 51.3151749], [4.4219561, 51.3153403], [4.4219141, 51.3153688], [4.4218649, 51.3153779]]]}}, {"type": "Feature", "properties": {"name": "Berkenlaan", "street_id": "5329", "municipality": "Kapellen", "nis": "11023", "geometry_source": "osm_way", "length_m": 558.8, "osm_way_ids": [147486475, 147486510, 284956915, 429041001], "highway_types": ["residential"], "lat": 51.3201138, "lon": 4.4318821}, "geometry": {"type": "MultiLineString", "coordinates": [[[4.4318024, 51.320066], [4.4315826, 51.3199901], [4.4302332, 51.3191546], [4.4301609, 51.3191024]], [[4.4302152, 51.3190671], [4.4302912, 51.3191017], [4.4317594, 51.3199372], [4.4318024, 51.320066]], [[4.4318024, 51.320066], [4.4341508, 51.3215202], [4.4342603, 51.3215997]]]}}, {"type": "Feature", "properties": {"name": "Berkensweg", "street_id": "5330", "municipality": "Kapellen", "nis": "11023", "geometry_source": "osm_way", "length_m": 73.2, "osm_way_ids": [369434326], "highway_types": ["residential"], "lat": 51.313683, "lon": 4.4293518}, "geometry": {"type": "MultiLineString", "coordinates": [[[4.4291063, 51.3139717], [4.4291633, 51.3139157], [4.4295913, 51.3133889]]]}}, {"type": "Feature", "properties": {"name": "Bernard De Vadderlaan", "street_id": "5331", "municipality": "Kapellen", "nis": "11023", "geometry_source": "osm_way", "length_m": 706.2, "osm_way_ids": [101050560, 1184672222, 1185036027], "highway_types": ["residential"], "lat": 51.3158742, "lon": 4.4516876}, "geometry": {"type": "MultiLineString", "coordinates": [[[4.4489634, 51.3185458], [4.4490911, 51.3184225], [4.4495647, 51.3179454], [4.4512576, 51.316311], [4.4527151, 51.3148696], [4.4543202, 51.3132728], [4.4543593, 51.3132378], [4.4543997, 51.3131906]]]}}, {"type": "Feature", "properties": {"name": "Bessemstraat", "street_id": "5332", "municipality": "Kapellen", "nis": "11023", "geometry_source": "osm_way", "length_m": 51.5, "osm_way_ids": [195750562], "highway_types": ["residential"], "lat": 51.3289965, "lon": 4.415186}, "geometry": {"type": "MultiLineString", "coordinates": [[[4.4148653, 51.3288817], [4.4155068, 51.3291114]]]}}, {"type": "Feature", "properties": {"name": "Beukendreef", "street_id": "5333", "municipality": "Kapellen", "nis": "11023", "geometry_source": "osm_way", "length_m": 752.8, "osm_way_ids": [23540888, 292909367], "highway_types": ["residential"], "lat": 51.3057087, "lon": 4.4259293}, "geometry": {"type": "MultiLineString", "coordinates": [[[4.4212845, 51.3040676], [4.4227518, 51.3044003], [4.4243568, 51.3050442], [4.4266115, 51.3059611], [4.4266582, 51.3059802], [4.4280981, 51.3065773], [4.4300052, 51.307347], [4.4304016, 51.3075054], [4.4305178, 51.3075269]]]}}, {"type": "Feature", "properties": {"name": "Bevrijdingslei", "street_id": "5334", "municipality": "Kapellen", "nis": "11023", "geometry_source": "osm_way", "length_m": 208.8, "osm_way_ids": [147455843], "highway_types": ["residential"], "lat": 51.3127037, "lon": 4.4276422}, "geometry": {"type": "MultiLineString", "coordinates": [[[4.4263033, 51.3122833], [4.4275959, 51.3126873], [4.4288731, 51.3130939], [4.4289812, 51.3131233]]]}}, {"type": "Feature", "properties": {"name": "Biartlei", "street_id": "5335", "municipality": "Kapellen", "nis": "11023", "geometry_source": "osm_way", "length_m": 503.6, "osm_way_ids": [23540611], "highway_types": ["residential"], "lat": 51.3133104, "lon": 4.4186181}, "geometry": {"type": "MultiLineString", "coordinates": [[[4.4166874, 51.315227], [4.4198807, 51.3120521], [4.4204989, 51.311469], [4.420561, 51.3114065]]]}}, {"type": "Feature", "properties": {"name": "Binnenweg", "street_id": "5336", "municipality": "Kapellen", "nis": "11023", "geometry_source": "osm_way", "length_m": 371.8, "osm_way_ids": [23540847, 28891001], "highway_types": ["residential"], "lat": 51.3088724, "lon": 4.4166589}, "geometry": {"type": "MultiLineString", "coordinates": [[[4.4185822, 51.3086506], [4.4179349, 51.308138], [4.4174346, 51.3083875], [4.4148663, 51.3097201], [4.4148014, 51.3097833], [4.4147807, 51.309807], [4.4147538, 51.3098449], [4.4147249, 51.3098952]]]}}, {"type": "Feature", "properties": {"name": "Bloemenlaan", "street_id": "5337", "municipality": "Kapellen", "nis": "11023", "geometry_source": "osm_way", "length_m": 458.6, "osm_way_ids": [101035768], "highway_types": ["residential"], "lat": 51.2999913, "lon": 4.4292136}, "geometry": {"type": "MultiLineString", "coordinates": [[[4.4266196, 51.3012205], [4.4266422, 51.3011989], [4.4266699, 51.3011745], [4.4267669, 51.3010923], [4.4292002, 51.2998671], [4.4299279, 51.2998076], [4.4318398, 51.2988289]]]}}, {"type": "Feature", "properties": {"name": "Bloemenlei", "street_id": "5338", "municipality": "Kapellen", "nis": "11023", "geometry_source": "osm_way", "length_m": 555.3, "osm_way_ids": [101371541], "highway_types": ["residential"], "lat": 51.3222966, "lon": 4.4270627}, "geometry": {"type": "MultiLineString", "coordinates": [[[4.4239001, 51.3207795], [4.4239583, 51.3208074], [4.4302253, 51.3238137]]]}}, {"type": "Feature", "properties": {"name": "Bonapartelaan", "street_id": "5339", "municipality": "Kapellen", "nis": "11023", "geometry_source": "osm_way", "length_m": 1795.6, "osm_way_ids": [23540481, 561474286], "highway_types": ["track", "unclassified"], "lat": 51.3229107, "lon": 4.410241}, "geometry": {"type": "MultiLineString", "coordinates": [[[4.4017147, 51.3205759], [4.4090211, 51.3230362], [4.4184435, 51.3262088]], [[4.412591, 51.3194348], [4.4121908, 51.3198286], [4.4113379, 51.3206936], [4.4097339, 51.3223196], [4.4090211, 51.3230362]]]}}, {"type": "Feature", "properties": {"name": "Bondgenotenlaan", "street_id": "5340", "municipality": "Kapellen", "nis": "11023", "geometry_source": "osm_way", "length_m": 81.7, "osm_way_ids": [26002927], "highway_types": ["residential"], "lat": 51.3532903, "lon": 4.4033244}, "geometry": {"type": "MultiLineString", "coordinates": [[[4.4035218, 51.3529445], [4.403127, 51.353636]]]}}, {"type": "Feature", "properties": {"name": "Bosdreef", "street_id": "5341", "municipality": "Kapellen", "nis": "11023", "geometry_source": "osm_way", "length_m": 1873.9, "osm_way_ids": [32267461, 38207914, 38207915, 38208813], "highway_types": ["unclassified"], "lat": 51.3211719, "lon": 4.4542329}, "geometry": {"type": "MultiLineString", "coordinates": [[[4.4499121, 51.3277218], [4.4503421, 51.3274832], [4.4505174, 51.3273702], [4.4505947, 51.3273021], [4.4506365, 51.3272618], [4.4506713, 51.3272152], [4.450731, 51.3270994], [4.4507717, 51.3270449], [4.4508308, 51.3269914], [4.4509925, 51.3268656], [4.4512566, 51.3266694], [4.451573, 51.3264422], [4.4519198, 51.3261937], [4.452228, 51.3259766], [4.4524514, 51.3258135], [4.4527667, 51.3255874], [4.4530202, 51.3254023], [4.4535169, 51.3250365], [4.4536772, 51.32492], [4.454029, 51.324658], [4.4541967, 51.32452], [4.4543143, 51.3244143], [4.454371, 51.3243538], [4.4544764, 51.3242292], [4.4545994, 51.3240835], [4.4551696, 51.3234127], [4.4554411, 51.3230915], [4.4555832, 51.3229244], [4.4556844, 51.3228055], [4.4557793, 51.3226886], [4.4558429, 51.3225667], [4.4558565, 51.3225022], [4.4558451, 51.322446], [4.4558332, 51.3224171], [4.4557921, 51.3223747], [4.4557091, 51.3223106], [4.4556284, 51.3222603], [4.4555683, 51.3222003], [4.4555584, 51.3221675]], [[4.4555584, 51.3221675], [4.4555163, 51.3221702], [4.4554757, 51.3221626], [4.4554428, 51.322146], [4.4554226, 51.3221227], [4.4554181, 51.3220963], [4.4554241, 51.3220802]], [[4.4554241, 51.3220802], [4.4554047, 51.3220758], [4.4552282, 51.3220332], [4.4546571, 51.3218953], [4.4543625, 51.3218242], [4.4541864, 51.3217653], [4.453961, 51.3216471], [4.4536439, 51.3214146], [4.4533673, 51.3211697], [4.4532379, 51.3210156], [4.4530641, 51.3205663], [4.453027, 51.3203903], [4.4530805, 51.3201478], [4.4534503, 51.3193039], [4.4539725, 51.3182383], [4.4547211, 51.3166693], [4.4549791, 51.3163665], [4.4553108, 51.3161172], [4.4555389, 51.3159764], [4.4557409, 51.315875], [4.4559559, 51.3157934], [4.4562022, 51.3157364], [4.4564546, 51.3157102], [4.4567334, 51.3157072], [4.4570484, 51.3157285], [4.4571898, 51.3157283], [4.4572462, 51.3157255], [4.4572859, 51.3157205], [4.4573321, 51.3157072], [4.4574027, 51.3156792], [4.4574879, 51.3156354], [4.4575521, 51.3155902], [4.4577287, 51.3154358], [4.4578698, 51.3153107], [4.4583347, 51.3149026], [4.4584155, 51.3148362], [4.4584442, 51.31482], [4.4584913, 51.3148019]], [[4.4554241, 51.3220802], [4.4554605, 51.3220485], [4.4555033, 51.3220361], [4.4555504, 51.3220362], [4.4555931, 51.3220488], [4.4556232, 51.3220715], [4.4556351, 51.3220999], [4.4556267, 51.3221289], [4.4555994, 51.3221529], [4.4555584, 51.3221675]]]}}, {"type": "Feature", "properties": {"name": "Bosduiflaan", "street_id": "5342", "municipality": "Kapellen", "nis": "11023", "geometry_source": "osm_way", "length_m": 130.8, "osm_way_ids": [914335987, 1327474832], "highway_types": ["unclassified"], "lat": 51.3276539, "lon": 4.4364796}, "geometry": {"type": "MultiLineString", "coordinates": [[[4.4359047, 51.3281017], [4.4367726, 51.3274056], [4.4368379, 51.3273818]], [[4.4368379, 51.3273818], [4.4368337, 51.3273575], [4.4368533, 51.3273363], [4.436889, 51.3273263], [4.4369273, 51.3273313], [4.4369536, 51.3273495], [4.4369577, 51.3273738], [4.4369382, 51.327395], [4.4369024, 51.327405], [4.4368641, 51.3273999], [4.4368379, 51.3273818]]]}}, {"type": "Feature", "properties": {"name": "Bosruiterlei", "street_id": "5343", "municipality": "Kapellen", "nis": "11023", "geometry_source": "osm_way", "length_m": 895.0, "osm_way_ids": [32269756, 32270140], "highway_types": ["residential"], "lat": 51.3439116, "lon": 4.4813474}, "geometry": {"type": "MultiLineString", "coordinates": [[[4.4866723, 51.341654], [4.486601, 51.3417355], [4.4852465, 51.3423066], [4.4812738, 51.3439432], [4.4789188, 51.3449166], [4.4763342, 51.3459769], [4.4759778, 51.346086]]]}}, {"type": "Feature", "properties": {"name": "Bosschaertdreef", "street_id": "5344", "municipality": "Kapellen", "nis": "11023", "geometry_source": "osm_way", "length_m": 210.2, "osm_way_ids": [32264917], "highway_types": ["residential"], "lat": 51.3239465, "lon": 4.4399833}, "geometry": {"type": "MultiLineString", "coordinates": [[[4.4389436, 51.3246393], [4.4395911, 51.324165], [4.4402654, 51.3237711], [4.4410464, 51.3232884]]]}}, {"type": "Feature", "properties": {"name": "Boterbloemlaan", "street_id": "5345", "municipality": "Kapellen", "nis": "11023", "geometry_source": "osm_way", "length_m": 401.4, "osm_way_ids": [23539720], "highway_types": ["residential"], "lat": 51.3602649, "lon": 4.4253402}, "geometry": {"type": "MultiLineString", "coordinates": [[[4.4249157, 51.3620196], [4.4249341, 51.3604016], [4.4261642, 51.3596043], [4.4251279, 51.3590082]]]}}, {"type": "Feature", "properties": {"name": "Braambeslei", "street_id": "5346", "municipality": "Kapellen", "nis": "11023", "geometry_source": "osm_way", "length_m": 891.0, "osm_way_ids": [23523417, 955621017], "highway_types": ["residential"], "lat": 51.3548957, "lon": 4.4553851}, "geometry": {"type": "MultiLineString", "coordinates": [[[4.4533189, 51.3511095], [4.4533269, 51.3511662], [4.4573277, 51.3584142], [4.4574484, 51.3586864]]]}}, {"type": "Feature", "properties": {"name": "Brasschaatselei", "street_id": "5347", "municipality": "Kapellen", "nis": "11023", "geometry_source": "osm_way", "length_m": 569.5, "osm_way_ids": [26391572, 816484408], "highway_types": ["residential"], "lat": 51.3469974, "lon": 4.4708435}, "geometry": {"type": "MultiLineString", "coordinates": [[[4.4689295, 51.3447237], [4.4707657, 51.3469234], [4.4709046, 51.3470936], [4.4714726, 51.347753], [4.4717588, 51.3480863], [4.4721329, 51.3485152], [4.472443, 51.3488585], [4.4727566, 51.3491959], [4.4728043, 51.3492279]]]}}, {"type": "Feature", "properties": {"name": "Bremlaan", "street_id": "5348", "municipality": "Kapellen", "nis": "11023", "geometry_source": "osm_way", "length_m": 885.8, "osm_way_ids": [23539188, 23539278, 284961225, 284961380], "highway_types": ["residential"], "lat": 51.3546789, "lon": 4.4485769}, "geometry": {"type": "MultiLineString", "coordinates": [[[4.4449775, 51.3514063], [4.4459388, 51.3522533], [4.4473174, 51.3535586], [4.4483506, 51.3544296], [4.449887, 51.3558714], [4.4521529, 51.3579778]]]}}, {"type": "Feature", "properties": {"name": "Bruggeske", "street_id": "225359", "municipality": "Kapellen", "nis": "11023", "geometry_source": "osm_way", "length_m": 264.8, "osm_way_ids": [51275404, 192226768, 429064688, 1077388163, 1077388164, 1077388166, 1077388167], "highway_types": ["footway"], "lat": 51.314585, "lon": 4.4273611}, "geometry": {"type": "MultiLineString", "coordinates": [[[4.4265696, 51.3146778], [4.4267042, 51.3146925], [4.4267756, 51.3146794], [4.4268165, 51.3146706]], [[4.4268165, 51.3146706], [4.4269765, 51.3146961], [4.4273719, 51.3148443], [4.4274205, 51.3148485], [4.4276971, 51.3146497]], [[4.4268165, 51.3146706], [4.4268342, 51.3146395], [4.4269249, 51.3145541], [4.4270251, 51.3144645], [4.4271605, 51.3143406], [4.4274895, 51.3144819]], [[4.4274895, 51.3144819], [4.4276532, 51.3145925], [4.4276971, 51.3146497]], [[4.4276281, 51.3142416], [4.4275843, 51.3142892], [4.4275123, 51.3143877], [4.4274895, 51.3144819]], [[4.4281536, 51.3143908], [4.4280533, 51.3145418], [4.4278564, 51.314626], [4.4276971, 51.3146497]]]}}, {"type": "Feature", "properties": {"name": "Buizerdlei", "street_id": "5349", "municipality": "Kapellen", "nis": "11023", "geometry_source": "osm_way", "length_m": 793.3, "osm_way_ids": [32268632], "highway_types": ["residential"], "lat": 51.3374271, "lon": 4.4734951}, "geometry": {"type": "MultiLineString", "coordinates": [[[4.4718974, 51.3349789], [4.4714704, 51.3353708], [4.4709913, 51.335799], [4.4709589, 51.335848], [4.4709349, 51.3359079], [4.4709329, 51.3359511], [4.4709424, 51.3360046], [4.4711751, 51.3367277], [4.4713495, 51.3372562], [4.471373, 51.3372943], [4.4714008, 51.3373257], [4.4714341, 51.3373538], [4.4714813, 51.3373806], [4.4738104, 51.3384281], [4.4738803, 51.3384499], [4.4739758, 51.3384673], [4.4740238, 51.3384724], [4.4740653, 51.3384719], [4.4741611, 51.3384596], [4.4765833, 51.3380237], [4.4766397, 51.3380078], [4.4767035, 51.3379853], [4.4767463, 51.3379592], [4.4768042, 51.3379075], [4.4774331, 51.3373253]]]}}, {"type": "Feature", "properties": {"name": "Bunderbeeklaan", "street_id": "5350", "municipality": "Kapellen", "nis": "11023", "geometry_source": "osm_way", "length_m": 607.0, "osm_way_ids": [32263945], "highway_types": ["residential"], "lat": 51.3093613, "lon": 4.4408654}, "geometry": {"type": "MultiLineString", "coordinates": [[[4.4403512, 51.3073515], [4.4402654, 51.3085463], [4.4401967, 51.3086751], [4.4400937, 51.3087341], [4.4398105, 51.30882], [4.4396216, 51.3088683], [4.4394671, 51.3089487], [4.4393813, 51.3090453], [4.4393384, 51.3091634], [4.4393384, 51.3093297], [4.4393813, 51.3094799], [4.4395015, 51.3096355], [4.4396817, 51.3097804], [4.4399392, 51.309893], [4.4402224, 51.309936], [4.4404027, 51.3099199], [4.4407031, 51.3098501], [4.4413039, 51.3096945], [4.4415185, 51.3096677], [4.4416987, 51.3096892], [4.4419047, 51.3097428], [4.4435183, 51.3103592]]]}}, {"type": "Feature", "properties": {"name": "Campanulalaan", "street_id": "5351", "municipality": "Kapellen", "nis": "11023", "geometry_source": "osm_way", "length_m": 77.1, "osm_way_ids": [136911210], "highway_types": ["residential"], "lat": 51.3156698, "lon": 4.4462521}, "geometry": {"type": "MultiLineString", "coordinates": [[[4.4459546, 51.3159618], [4.4465495, 51.3153779]]]}}, {"type": "Feature", "properties": {"name": "Canadezenlaan", "street_id": "5352", "municipality": "Kapellen", "nis": "11023", "geometry_source": "osm_way", "length_m": 1102.9, "osm_way_ids": [23539362, 30092578, 1183668809, 1193088755], "highway_types": ["residential"], "lat": 51.3619034, "lon": 4.4411464}, "geometry": {"type": "MultiLineString", "coordinates": [[[4.4490391, 51.3615347], [4.4481574, 51.3615873], [4.4461386, 51.3617016], [4.4425141, 51.361976], [4.4418876, 51.3620082], [4.4410893, 51.3620082], [4.4374787, 51.3620288], [4.434335, 51.3620185], [4.4333518, 51.3620228], [4.4332455, 51.3620238]]]}}, {"type": "Feature", "properties": {"name": "Castelijmlaan", "street_id": "184153", "municipality": "Kapellen", "nis": "11023", "geometry_source": "osm_way", "length_m": 92.0, "osm_way_ids": [746000022], "highway_types": ["residential"], "lat": 51.314273, "lon": 4.4509936}, "geometry": {"type": "MultiLineString", "coordinates": [[[4.4507191, 51.3140083], [4.4506628, 51.314067], [4.4509525, 51.3141776], [4.4508535, 51.3142767], [4.4514375, 51.3145004]]]}}, {"type": "Feature", "properties": {"name": "Cederlaan", "street_id": "5353", "municipality": "Kapellen", "nis": "11023", "geometry_source": "osm_way", "length_m": 202.2, "osm_way_ids": [162959886], "highway_types": ["residential"], "lat": 51.3562353, "lon": 4.4451161}, "geometry": {"type": "MultiLineString", "coordinates": [[[4.4438984, 51.3567295], [4.4463338, 51.3557412]]]}}, {"type": "Feature", "properties": {"name": "Christiaan Pallemansstraat", "street_id": "5354", "municipality": "Kapellen", "nis": "11023", "geometry_source": "osm_way", "length_m": 835.2, "osm_way_ids": [32264533, 101028388, 147486476, 147486477, 171794745, 284956917, 427631581, 504459588, 1361664491], "highway_types": ["tertiary"], "lat": 51.3174167, "lon": 4.4326221}, "geometry": {"type": "MultiLineString", "coordinates": [[[4.4298331, 51.3153765], [4.4297568, 51.3152982], [4.4296735, 51.3152041], [4.4294992, 51.3150582], [4.4294524, 51.3150363], [4.4293586, 51.3149926]], [[4.4294992, 51.3147195], [4.4295673, 51.3147809], [4.4295991, 51.3148269], [4.4296546, 51.3149249], [4.4296828, 51.314986], [4.4298143, 51.3152623], [4.4298331, 51.3153765]], [[4.4365253, 51.320071], [4.4364769, 51.3200609], [4.4364252, 51.3200445], [4.436376, 51.3200213], [4.4363164, 51.3199875], [4.4362324, 51.3199382], [4.4361568, 51.3198971], [4.4361198, 51.3198744], [4.4360131, 51.3198061], [4.4358649, 51.3197001], [4.4357567, 51.319625], [4.4357304, 51.3196052], [4.4353918, 51.3193654], [4.4349739, 51.3190848], [4.4341999, 51.3185547], [4.4327111, 51.3175363], [4.4325847, 51.3174529], [4.4322325, 51.317198], [4.4321076, 51.3171211], [4.4316796, 51.3168261], [4.4307991, 51.3162193], [4.4306737, 51.316141], [4.430485, 51.316017], [4.4302384, 51.3158166], [4.4299794, 51.3155691], [4.4299176, 51.3155165], [4.4298776, 51.3154705], [4.4298331, 51.3153765]]]}}, {"type": "Feature", "properties": {"name": "Citroenvlinderlaan", "street_id": "170363", "municipality": "Kapellen", "nis": "11023", "geometry_source": "osm_way", "length_m": 153.2, "osm_way_ids": [285774700], "highway_types": ["residential"], "lat": 51.301303, "lon": 4.4303152}, "geometry": {"type": "MultiLineString", "coordinates": [[[4.4295138, 51.3010693], [4.4301918, 51.3015298], [4.4311139, 51.3010997], [4.4311539, 51.301083]]]}}, {"type": "Feature", "properties": {"name": "Claessensdreef", "street_id": "5355", "municipality": "Kapellen", "nis": "11023", "geometry_source": "osm_way", "length_m": 746.1, "osm_way_ids": [23518687], "highway_types": ["residential"], "lat": 51.3112244, "lon": 4.459351}, "geometry": {"type": "MultiLineString", "coordinates": [[[4.4557062, 51.3136806], [4.4557281, 51.3136551], [4.4557615, 51.3136288], [4.4630036, 51.3087776]]]}}, {"type": "Feature", "properties": {"name": "Corsicalaan", "street_id": "5356", "municipality": "Kapellen", "nis": "11023", "geometry_source": "osm_way", "length_m": 708.0, "osm_way_ids": [23539329, 23539330], "highway_types": ["residential"], "lat": 51.3582105, "lon": 4.4516084}, "geometry": {"type": "MultiLineString", "coordinates": [[[4.4558207, 51.3564321], [4.4548263, 51.3568512], [4.4521529, 51.3579778], [4.4473979, 51.359993]]]}}, {"type": "Feature", "properties": {"name": "Dahlialaan", "street_id": "5358", "municipality": "Kapellen", "nis": "11023", "geometry_source": "osm_way", "length_m": 424.0, "osm_way_ids": [332399301], "highway_types": ["residential"], "lat": 51.3314566, "lon": 4.4288398}, "geometry": {"type": "MultiLineString", "coordinates": [[[4.4265058, 51.3319306], [4.4265468, 51.3318858], [4.4271733, 51.3310757], [4.4273481, 51.3310898], [4.429433, 51.3313878], [4.4307492, 51.3317534], [4.4314484, 51.3320092]]]}}, {"type": "Feature", "properties": {"name": "De Pretlaan", "street_id": "5359", "municipality": "Kapellen", "nis": "11023", "geometry_source": "osm_way", "length_m": 2792.4, "osm_way_ids": [23523253, 23523283, 23539125, 146797874, 150953639, 284959780, 284961226], "highway_types": ["cycleway", "residential"], "lat": 51.352813, "lon": 4.4538727}, "geometry": {"type": "MultiLineString", "coordinates": [[[4.4504805, 51.3470499], [4.4503796, 51.3470992], [4.4503561, 51.3471106], [4.4503197, 51.3471384], [4.4502981, 51.3471686], [4.4502996, 51.3472005], [4.450329, 51.3472289], [4.4504, 51.3472731], [4.4504463, 51.3473078], [4.4512436, 51.3480103], [4.4513517, 51.3481635], [4.4515997, 51.3486293], [4.4530089, 51.3512313], [4.4535861, 51.3522973], [4.4539033, 51.3528807], [4.454462, 51.353908], [4.4558207, 51.3564321], [4.4566638, 51.3579996], [4.4571179, 51.3588417]], [[4.457178, 51.3588064], [4.4569612, 51.3584039], [4.4567498, 51.3579808], [4.4558909, 51.3564167], [4.454526, 51.3538978], [4.4539716, 51.3528664], [4.4536559, 51.352279], [4.4530645, 51.3512043], [4.4518171, 51.348915], [4.4516504, 51.3486123], [4.4514245, 51.3481775], [4.451378, 51.348092], [4.4513134, 51.3480168], [4.4504871, 51.347254], [4.4504769, 51.3472346], [4.4504832, 51.347216], [4.4504981, 51.3472013], [4.4505985, 51.3471557]]]}}, {"type": "Feature", "properties": {"name": "Dennenburgdreef", "street_id": "5360", "municipality": "Kapellen", "nis": "11023", "geometry_source": "osm_way", "length_m": 573.2, "osm_way_ids": [101371540], "highway_types": ["residential"], "lat": 51.3274865, "lon": 4.4218936}, "geometry": {"type": "MultiLineString", "coordinates": [[[4.4184435, 51.3262088], [4.4185392, 51.3262431], [4.4218924, 51.3274439], [4.4248363, 51.3285581], [4.4243709, 51.3289743]]]}}, {"type": "Feature", "properties": {"name": "Dennenlaan", "street_id": "5361", "municipality": "Kapellen", "nis": "11023", "geometry_source": "osm_way", "length_m": 220.6, "osm_way_ids": [147486478, 284956919], "highway_types": ["residential"], "lat": 51.3202718, "lon": 4.433642}, "geometry": {"type": "MultiLineString", "coordinates": [[[4.4324902, 51.3196188], [4.4325758, 51.3196229], [4.4333284, 51.3200782], [4.4341338, 51.3205677], [4.4347772, 51.3209714]]]}}, {"type": "Feature", "properties": {"name": "Derdedreef", "street_id": "5362", "municipality": "Kapellen", "nis": "11023", "geometry_source": "osm_way", "length_m": 293.2, "osm_way_ids": [284960504], "highway_types": ["residential"], "lat": 51.3463888, "lon": 4.4455962}, "geometry": {"type": "MultiLineString", "coordinates": [[[4.4468176, 51.347462], [4.4443749, 51.3453157]]]}}, {"type": "Feature", "properties": {"name": "Distelvlinderlaan", "street_id": "170364", "municipality": "Kapellen", "nis": "11023", "geometry_source": "address_points", "length_m": null, "osm_way_ids": [], "highway_types": [], "lat": 51.3013397, "lon": 4.4298928}, "geometry": {"type": "MultiPoint", "coordinates": [[4.429551722553433, 51.30131697887325], [4.429728733419291, 51.30137719697244], [4.4297762694992, 51.30143541507888], [4.429890087044836, 51.30152334918161], [4.429952799734084, 51.301564931312676], [4.4301629765667405, 51.30133535519412], [4.430048049394081, 51.30127555467166], [4.429955047063641, 51.30120630507879], [4.429884261426754, 51.30113147119595], [4.430344225714445, 51.30134775347608], [4.429526362680245, 51.301222347373894]]}}, {"type": "Feature", "properties": {"name": "Doornenlaan", "street_id": "5363", "municipality": "Kapellen", "nis": "11023", "geometry_source": "osm_way", "length_m": 812.5, "osm_way_ids": [23539339, 23539341, 284961604], "highway_types": ["residential"], "lat": 51.3585073, "lon": 4.4457891}, "geometry": {"type": "MultiLineString", "coordinates": [[[4.4425526, 51.3554655], [4.4438984, 51.3567295], [4.4451062, 51.3579082], [4.4473979, 51.359993], [4.4490391, 51.3615347]]]}}, {"type": "Feature", "properties": {"name": "Dorpsplein", "street_id": "146528", "municipality": "Kapellen", "nis": "11023", "geometry_source": "osm_way", "length_m": 567.6, "osm_way_ids": [101028335, 101028354, 150655900, 171863664, 192226770, 963598283], "highway_types": ["pedestrian", "residential"], "lat": 51.3136925, "lon": 4.4281559}, "geometry": {"type": "MultiLineString", "coordinates": [[[4.4287911, 51.3135185], [4.4287075, 51.3135475], [4.4285151, 51.3135691], [4.4278659, 51.3133984], [4.4273926, 51.3132686], [4.427092, 51.3135895]], [[4.4288862, 51.3142192], [4.4287707, 51.3141714], [4.4284273, 51.3140391], [4.4281989, 51.313951], [4.4279684, 51.3138622], [4.4277493, 51.3137778], [4.4276726, 51.313748], [4.4276114, 51.3137415], [4.4275345, 51.3137701], [4.4274312, 51.3138324]], [[4.4278659, 51.3133984], [4.4276935, 51.3136557], [4.4276726, 51.313748]], [[4.4276935, 51.3136557], [4.4278659, 51.3133984], [4.4285151, 51.3135691], [4.4287075, 51.3135475], [4.4289774, 51.3139877], [4.4289768, 51.3140568], [4.428887, 51.3141055], [4.4285025, 51.3139606], [4.4282726, 51.3138739], [4.4280427, 51.3137873], [4.4276935, 51.3136557]]]}}, {"type": "Feature", "properties": {"name": "Dorpsstraat", "street_id": "5364", "municipality": "Kapellen", "nis": "11023", "geometry_source": "osm_way", "length_m": 466.2, "osm_way_ids": [284956921, 284956924, 289101135, 289101136, 289101137, 931315442], "highway_types": ["primary"], "lat": 51.3168314, "lon": 4.4277159}, "geometry": {"type": "MultiLineString", "coordinates": [[[4.4260124, 51.3186163], [4.4260554, 51.3185732], [4.4269761, 51.3176165], [4.4270572, 51.3175222], [4.4270961, 51.3174814], [4.427273, 51.3172963], [4.4274144, 51.3171621], [4.4276093, 51.3169681], [4.4276885, 51.3168924], [4.427728, 51.3168546], [4.4279254, 51.3166641], [4.4279815, 51.3165986], [4.4280268, 51.3165556], [4.4282355, 51.3163355], [4.4282806, 51.3162867], [4.4285627, 51.3159537], [4.4286931, 51.3158079], [4.4289284, 51.3155067], [4.4292543, 51.3151059], [4.4292739, 51.3150818], [4.4293586, 51.3149926]]]}}, {"type": "Feature", "properties": {"name": "Dorsvlegellaan", "street_id": "5365", "municipality": "Kapellen", "nis": "11023", "geometry_source": "osm_way", "length_m": 211.9, "osm_way_ids": [26003130], "highway_types": ["residential"], "lat": 51.3523313, "lon": 4.4110168}, "geometry": {"type": "MultiLineString", "coordinates": [[[4.4112292, 51.3530651], [4.4112928, 51.3529642], [4.4116672, 51.3523603], [4.4099591, 51.3519422]]]}}, {"type": "Feature", "properties": {"name": "Douglaslaan", "street_id": "5366", "municipality": "Kapellen", "nis": "11023", "geometry_source": "osm_way", "length_m": 970.7, "osm_way_ids": [23539321, 23539323, 284961381, 284961605], "highway_types": ["residential"], "lat": 51.3563706, "lon": 4.448703}, "geometry": {"type": "MultiLineString", "coordinates": [[[4.454462, 51.353908], [4.4525636, 51.3547227], [4.449887, 51.3558714], [4.4475734, 51.3568571], [4.4451062, 51.3579082], [4.4429335, 51.3588086]]]}}, {"type": "Feature", "properties": {"name": "Driehoevenseweg", "street_id": "5367", "municipality": "Kapellen", "nis": "11023", "geometry_source": "osm_way", "length_m": 554.6, "osm_way_ids": [7241775, 1372028176], "highway_types": ["residential", "unclassified"], "lat": 51.3583147, "lon": 4.402582}, "geometry": {"type": "MultiLineString", "coordinates": [[[4.4059564, 51.3596112], [4.4058921, 51.3595646], [4.40254, 51.35829], [4.4009549, 51.3577106], [4.3993165, 51.3570945], [4.3993089, 51.3570903], [4.3993088, 51.3570832], [4.3993686, 51.3569811]]]}}, {"type": "Feature", "properties": {"name": "Duinendreef", "street_id": "5368", "municipality": "Kapellen", "nis": "11023", "geometry_source": "osm_way", "length_m": 1160.4, "osm_way_ids": [23538648, 23538667, 23538904, 30054359, 1128426919], "highway_types": ["residential"], "lat": 51.3498114, "lon": 4.4638544}, "geometry": {"type": "MultiLineString", "coordinates": [[[4.4569633, 51.3527512], [4.4570124, 51.3527298], [4.4606673, 51.351133], [4.4623582, 51.3504146], [4.4637315, 51.3498196], [4.4654519, 51.3491236], [4.4668062, 51.348548], [4.4673875, 51.3483736], [4.4707657, 51.3469234]]]}}, {"type": "Feature", "properties": {"name": "Edward Keurvelslaan", "street_id": "5369", "municipality": "Kapellen", "nis": "11023", "geometry_source": "osm_way", "length_m": 42.9, "osm_way_ids": [143771093], "highway_types": ["residential"], "lat": 51.3285807, "lon": 4.4474484}, "geometry": {"type": "MultiLineString", "coordinates": [[[4.4471455, 51.3286137], [4.4477512, 51.3285477]]]}}, {"type": "Feature", "properties": {"name": "Eenzaamheidsstraat", "street_id": "5370", "municipality": "Kapellen", "nis": "11023", "geometry_source": "osm_way", "length_m": 320.2, "osm_way_ids": [26003303, 28220792, 196498386], "highway_types": ["residential"], "lat": 51.352273, "lon": 4.3995797}, "geometry": {"type": "MultiLineString", "coordinates": [[[4.3975382, 51.3517979], [4.3976353, 51.3518205], [4.4005204, 51.3525257], [4.4006171, 51.3525251]], [[4.4011552, 51.3526523], [4.4006171, 51.3525251]], [[4.4006171, 51.3525251], [4.4006761, 51.3524373], [4.4012192, 51.352549]]]}}, {"type": "Feature", "properties": {"name": "Eggenlaan", "street_id": "5371", "municipality": "Kapellen", "nis": "11023", "geometry_source": "osm_way", "length_m": 228.8, "osm_way_ids": [26003073], "highway_types": ["residential"], "lat": 51.3500388, "lon": 4.4017674}, "geometry": {"type": "MultiLineString", "coordinates": [[[4.4006623, 51.3504227], [4.4007297, 51.3503229], [4.4010917, 51.3497739], [4.4031102, 51.350259]]]}}, {"type": "Feature", "properties": {"name": "Eigenheem", "street_id": "5372", "municipality": "Kapellen", "nis": "11023", "geometry_source": "osm_way", "length_m": 955.6, "osm_way_ids": [28898005, 28898017, 28898030, 28898034, 28898050, 28898088, 28898159, 1527651649], "highway_types": ["residential"], "lat": 51.3035684, "lon": 4.4281329}, "geometry": {"type": "MultiLineString", "coordinates": [[[4.4264849, 51.3041], [4.4269717, 51.303813], [4.427251, 51.3039091], [4.4273721, 51.3039507]], [[4.4268228, 51.3043029], [4.4269382, 51.3042289], [4.4273721, 51.3039507], [4.4278051, 51.3036821], [4.4279958, 51.303555], [4.4279084, 51.3034446], [4.4280027, 51.3033829], [4.4280686, 51.3033438], [4.4284891, 51.3030796], [4.4285642, 51.3030326], [4.4285819, 51.3030181], [4.4287173, 51.3028935], [4.4287727, 51.3028265], [4.4288578, 51.3027265], [4.4290816, 51.3024759], [4.4291017, 51.3024518], [4.4291409, 51.302407]], [[4.4275738, 51.3047557], [4.4279421, 51.3045283], [4.4280171, 51.304568], [4.428219, 51.3046919], [4.4279135, 51.3049545]], [[4.4278051, 51.3036821], [4.42825, 51.3038515]], [[4.4280686, 51.3033438], [4.4279591, 51.3032899], [4.4276797, 51.3031525], [4.4276373, 51.3031434], [4.4276012, 51.3031557], [4.4275129, 51.3032136], [4.4275032, 51.3032429], [4.4275275, 51.3032746], [4.4277819, 51.3034089], [4.4278515, 51.3034456], [4.4279084, 51.3034446]], [[4.4280027, 51.3033829], [4.4280874, 51.3035023], [4.4279958, 51.303555]], [[4.42825, 51.3038515], [4.4283516, 51.303893], [4.4283709, 51.3039516], [4.4284236, 51.3039856], [4.4286065, 51.3041034], [4.4286485, 51.3041205], [4.4286987, 51.3041114], [4.428898, 51.303979], [4.4286629, 51.3037307], [4.4286276, 51.3037072], [4.4285596, 51.3037206], [4.4284985, 51.3037464], [4.42825, 51.3038515]], [[4.4284891, 51.3030796], [4.4285731, 51.3031311], [4.4290163, 51.3034027], [4.4290574, 51.3033929], [4.4292046, 51.3032929], [4.4288053, 51.3029656], [4.4287173, 51.3028935]], [[4.4285819, 51.3030181], [4.4284827, 51.302946], [4.4282584, 51.302783], [4.42859, 51.3025604], [4.4287618, 51.302667], [4.4288578, 51.3027265]]]}}, {"type": "Feature", "properties": {"name": "Eikendreef", "street_id": "5373", "municipality": "Kapellen", "nis": "11023", "geometry_source": "osm_way", "length_m": 796.3, "osm_way_ids": [28941625, 77417108, 77417109, 77417111, 633864104, 1324730972], "highway_types": ["residential"], "lat": 51.3096885, "lon": 4.4279547}, "geometry": {"type": "MultiLineString", "coordinates": [[[4.4253251, 51.3126046], [4.4253499, 51.3125755], [4.4253635, 51.3125565], [4.4253979, 51.3125179], [4.4254077, 51.3125062], [4.4255729, 51.3123323], [4.4255916, 51.3123076], [4.4256059, 51.312272], [4.4255961, 51.3122321], [4.425579, 51.3121983], [4.4255241, 51.3120938], [4.4254902, 51.312059]], [[4.4262576, 51.3115711], [4.426574, 51.311252], [4.4269992, 51.3107597], [4.427477, 51.3102064], [4.4275324, 51.3101774], [4.4275945, 51.3101333]], [[4.4275945, 51.3101333], [4.4276141, 51.3100495], [4.4281706, 51.3094199], [4.4288224, 51.3086772], [4.428882, 51.308657]], [[4.428882, 51.308657], [4.4288977, 51.3087108], [4.4282645, 51.3094368], [4.4282571, 51.3094453], [4.4277019, 51.3100752], [4.4275945, 51.3101333]], [[4.428882, 51.308657], [4.4289051, 51.3085947], [4.4300052, 51.307347]]]}}, {"type": "Feature", "properties": {"name": "Eikvarenlaan", "street_id": "5374", "municipality": "Kapellen", "nis": "11023", "geometry_source": "osm_way", "length_m": 320.2, "osm_way_ids": [28897917], "highway_types": ["residential"], "lat": 51.3048741, "lon": 4.4303175}, "geometry": {"type": "MultiLineString", "coordinates": [[[4.4297843, 51.3061017], [4.4301329, 51.3058645], [4.4302027, 51.305727], [4.4302349, 51.305545], [4.4302134, 51.3054729], [4.4299894, 51.3053203], [4.4298862, 51.3052524], [4.429858, 51.3051518], [4.4310518, 51.3036703], [4.4310684, 51.3036488], [4.4311429, 51.3036002]]]}}, {"type": "Feature", "properties": {"name": "Eksterlaan", "street_id": "5375", "municipality": "Kapellen", "nis": "11023", "geometry_source": "osm_way", "length_m": 483.3, "osm_way_ids": [30077613], "highway_types": ["residential"], "lat": 51.3447721, "lon": 4.4534016}, "geometry": {"type": "MultiLineString", "coordinates": [[[4.4504931, 51.3459555], [4.45631, 51.3435888]]]}}, {"type": "Feature", "properties": {"name": "Elzenstraat", "street_id": "5376", "municipality": "Kapellen", "nis": "11023", "geometry_source": "osm_way", "length_m": 300.3, "osm_way_ids": [101028337], "highway_types": ["residential"], "lat": 51.3078254, "lon": 4.4213805}, "geometry": {"type": "MultiLineString", "coordinates": [[[4.4201203, 51.3082771], [4.4210758, 51.3085215], [4.4217035, 51.3075986], [4.421923, 51.307276], [4.4223626, 51.3066347]]]}}, {"type": "Feature", "properties": {"name": "Energielaan", "street_id": "5377", "municipality": "Kapellen", "nis": "11023", "geometry_source": "osm_way", "length_m": 321.9, "osm_way_ids": [23824564], "highway_types": ["unclassified"], "lat": 51.3556178, "lon": 4.5035363}, "geometry": {"type": "MultiLineString", "coordinates": [[[4.5041806, 51.3542506], [4.5040436, 51.3543776], [4.5039959, 51.3544779], [4.5034276, 51.3558712], [4.5029648, 51.3570325]]]}}, {"type": "Feature", "properties": {"name": "Engelselei", "street_id": "5378", "municipality": "Kapellen", "nis": "11023", "geometry_source": "osm_way", "length_m": 268.0, "osm_way_ids": [147486479], "highway_types": ["residential"], "lat": 51.3170066, "lon": 4.4298299}, "geometry": {"type": "MultiLineString", "coordinates": [[[4.4314248, 51.3176773], [4.4313407, 51.3176409], [4.4298504, 51.3170102], [4.429705, 51.3169626], [4.4292632, 51.3167748], [4.4287836, 51.3165721], [4.4286643, 51.3165111], [4.4283316, 51.3163715], [4.4282355, 51.3163355]]]}}, {"type": "Feature", "properties": {"name": "Epicealaan", "street_id": "5379", "municipality": "Kapellen", "nis": "11023", "geometry_source": "osm_way", "length_m": 69.1, "osm_way_ids": [1101753090], "highway_types": ["residential"], "lat": 51.3198424, "lon": 4.4321463}, "geometry": {"type": "MultiLineString", "coordinates": [[[4.4318024, 51.320066], [4.4324902, 51.3196188]]]}}, {"type": "Feature", "properties": {"name": "Ertbrandstraat", "street_id": "5380", "municipality": "Kapellen", "nis": "11023", "geometry_source": "osm_way", "length_m": 1401.9, "osm_way_ids": [31113257, 31113258, 49259089, 49259091, 125004786, 164550106, 223667321, 289169792, 289169793, 289169794, 289169795, 427629824], "highway_types": ["primary"], "lat": 51.3476869, "lon": 4.3998093}, "geometry": {"type": "MultiLineString", "coordinates": [[[4.3952118, 51.355215], [4.3951606, 51.3552815], [4.394906, 51.3555897], [4.394706, 51.3558542]], [[4.4002377, 51.3469193], [4.4001103, 51.3471385], [4.4000802, 51.3471935], [4.3998685, 51.3475799], [4.3997978, 51.3477095], [4.3996422, 51.3479943], [4.3996259, 51.3480225], [4.3996097, 51.3480506], [4.399565, 51.3481284], [4.399538, 51.3481653], [4.3995191, 51.3482008], [4.3994951, 51.3482456], [4.3994721, 51.3482886], [4.3993877, 51.3484366], [4.3993006, 51.3485892], [4.3991939, 51.3487849], [4.3991145, 51.3489304], [4.3989503, 51.3492316], [4.3988773, 51.3493613], [4.3985786, 51.3498925], [4.3985705, 51.3499133], [4.3985436, 51.349962], [4.3980094, 51.3509413], [4.3980007, 51.3509573], [4.3975382, 51.3517979], [4.3974146, 51.3520029], [4.3973083, 51.352202], [4.3972737, 51.3522697], [4.3972478, 51.3523202], [4.3970702, 51.3526823], [4.3967324, 51.3532855]], [[4.4036961, 51.3410281], [4.40358, 51.3411919], [4.4034621, 51.3413741], [4.4032169, 51.3417816], [4.403186, 51.3418336], [4.4030321, 51.3420931], [4.4021009, 51.3436414], [4.4018459, 51.3440653], [4.4017879, 51.3441618], [4.401741, 51.3442397], [4.4015092, 51.3446443], [4.4012194, 51.3451621], [4.4008942, 51.3457433], [4.40085, 51.3458263], [4.4008327, 51.3458575]]]}}, {"type": "Feature", "properties": {"name": "Esdoornlaan", "street_id": "5381", "municipality": "Kapellen", "nis": "11023", "geometry_source": "osm_way", "length_m": 399.1, "osm_way_ids": [31113755, 31113763], "highway_types": ["residential"], "lat": 51.3476153, "lon": 4.4342884}, "geometry": {"type": "MultiLineString", "coordinates": [[[4.4319024, 51.3485999], [4.4356944, 51.347041], [4.4366642, 51.3466068]]]}}, {"type": "Feature", "properties": {"name": "Essenhoutstraat", "street_id": "5382", "municipality": "Kapellen", "nis": "11023", "geometry_source": "osm_way", "length_m": 1128.5, "osm_way_ids": [23540861, 23540871, 101028360, 101028378, 101028397], "highway_types": ["tertiary"], "lat": 51.3107654, "lon": 4.4224417}, "geometry": {"type": "MultiLineString", "coordinates": [[[4.4278224, 51.3142902], [4.4278604, 51.3142452], [4.4278864, 51.3141812], [4.4278719, 51.3141595], [4.4274312, 51.3138324], [4.4272962, 51.3137351], [4.427092, 51.3135895], [4.426852, 51.3134393], [4.426303, 51.3130791], [4.4260025, 51.3129182], [4.425683, 51.3127696], [4.425455, 51.3126692], [4.4253251, 51.3126046], [4.4251777, 51.3125392], [4.4245136, 51.3122478], [4.423334, 51.3117301], [4.4232382, 51.3116876], [4.4228572, 51.311494], [4.4223833, 51.3112415], [4.4223136, 51.3112021], [4.4219024, 51.3109569], [4.4216566, 51.310787], [4.4215026, 51.3106432], [4.4213337, 51.3104651], [4.4212935, 51.3104303], [4.4207602, 51.3098513], [4.4203188, 51.309407], [4.4198626, 51.308961], [4.4198138, 51.3089116], [4.4196302, 51.3087392], [4.4193052, 51.3084221], [4.4192179, 51.3083479], [4.4187638, 51.307937], [4.4186808, 51.3078682], [4.4184674, 51.3077016], [4.4181427, 51.3074748], [4.4178452, 51.3072941], [4.4171515, 51.3069051]]]}}, {"type": "Feature", "properties": {"name": "Essensteenweg", "street_id": "5383", "municipality": "Kapellen", "nis": "11023", "geometry_source": "osm_way", "length_m": 1230.4, "osm_way_ids": [356004695, 1049404436, 1423850348], "highway_types": ["secondary"], "lat": 51.3525883, "lon": 4.5088985}, "geometry": {"type": "MultiLineString", "coordinates": [[[4.511725401407325, 51.34747764919463], [4.5115195, 51.347841], [4.5100801, 51.3501635], [4.5090714, 51.351862], [4.5089993, 51.3519888], [4.5076807, 51.3542531], [4.5074489, 51.3546711], [4.5073616, 51.3548809], [4.5073439, 51.3549242], [4.5073116, 51.3550034], [4.5072471, 51.3552697], [4.5072225, 51.3554774], [4.5072192, 51.3555913], [4.5072474, 51.3564254], [4.5072409, 51.3579207], [4.507231, 51.3579948], [4.5072312, 51.3580388]]]}}, {"type": "Feature", "properties": {"name": "Fazantenlei", "street_id": "5384", "municipality": "Kapellen", "nis": "11023", "geometry_source": "osm_way", "length_m": 335.9, "osm_way_ids": [23538546], "highway_types": ["residential"], "lat": 51.3532958, "lon": 4.4674889}, "geometry": {"type": "MultiLineString", "coordinates": [[[4.4688035, 51.354561], [4.4661742, 51.3520307]]]}}, {"type": "Feature", "properties": {"name": "Feniksdreef", "street_id": "5385", "municipality": "Kapellen", "nis": "11023", "geometry_source": "osm_way", "length_m": 610.9, "osm_way_ids": [23538186, 1128426913], "highway_types": ["residential"], "lat": 51.3509893, "lon": 4.4826344}, "geometry": {"type": "MultiLineString", "coordinates": [[[4.4807552, 51.3534445], [4.4813166, 51.3527211], [4.4813783, 51.3526446], [4.4821844, 51.3516235], [4.4829783, 51.3506177], [4.4830687, 51.3505032], [4.4843584, 51.3485577], [4.4843895, 51.3484863], [4.4843962, 51.3484548]]]}}, {"type": "Feature", "properties": {"name": "Fortsteenweg", "street_id": "5386", "municipality": "Kapellen", "nis": "11023", "geometry_source": "osm_way", "length_m": 783.4, "osm_way_ids": [32264520, 32264571, 32264575, 1362256045], "highway_types": ["residential", "tertiary"], "lat": 51.3200827, "lon": 4.4416377}, "geometry": {"type": "MultiLineString", "coordinates": [[[4.4365253, 51.320071], [4.4366597, 51.3200894], [4.4368552, 51.3201048], [4.4370961, 51.3201212]], [[4.4370961, 51.3201212], [4.4371068, 51.3202202], [4.4370314, 51.3202882], [4.4369655, 51.3203223], [4.4369238, 51.320344], [4.4368586, 51.3203818]], [[4.4370961, 51.3201212], [4.437224, 51.320131], [4.4395873, 51.3202899], [4.4408489, 51.320365], [4.4409976, 51.3203709], [4.4413192, 51.3203256], [4.4425724, 51.3201508], [4.4426012, 51.320147], [4.4433167, 51.3200527], [4.4463743, 51.319655], [4.4470818, 51.3195661]]]}}, {"type": "Feature", "properties": {"name": "Frans De Peuterstraat", "street_id": "5387", "municipality": "Kapellen", "nis": "11023", "geometry_source": "osm_way", "length_m": 1365.6, "osm_way_ids": [23540899], "highway_types": ["residential"], "lat": 51.304681, "lon": 4.4267838}, "geometry": {"type": "MultiLineString", "coordinates": [[[4.4206955, 51.3004388], [4.4208121, 51.3005123], [4.4213805, 51.3008611], [4.4220184, 51.3012991], [4.4226993, 51.3017667], [4.422761, 51.3018203], [4.4232845, 51.3021655], [4.4234776, 51.3022928], [4.423622, 51.3023821], [4.4239787, 51.3025951], [4.4242898, 51.3027862], [4.4246621, 51.3030096], [4.4255658, 51.3035517], [4.4256802, 51.3036204], [4.4264849, 51.3041], [4.4268228, 51.3043029], [4.4269275, 51.304366], [4.4275738, 51.3047557], [4.4277577, 51.3048613], [4.4278035, 51.3048874], [4.4278662, 51.3049267], [4.4279135, 51.3049545], [4.4283695, 51.3052295], [4.4290052, 51.3056168], [4.4294293, 51.3058714], [4.4297843, 51.3061017], [4.4305125, 51.3065746], [4.430542, 51.306666], [4.4305326, 51.3069452], [4.4305178, 51.3075269], [4.4305326, 51.3079546], [4.4305715, 51.3083553], [4.4305983, 51.3085708], [4.4306251, 51.308777], [4.4307002, 51.3091987], [4.4307237, 51.3093152], [4.4307825, 51.3095725], [4.4308786, 51.3099591], [4.4309214, 51.3101379]]]}}, {"type": "Feature", "properties": {"name": "Frans Woutersstraat", "street_id": "5388", "municipality": "Kapellen", "nis": "11023", "geometry_source": "osm_way", "length_m": 42.1, "osm_way_ids": [26003547], "highway_types": ["residential"], "lat": 51.3527431, "lon": 4.3973562}, "geometry": {"type": "MultiLineString", "coordinates": [[[4.3970702, 51.3526823], [4.3976423, 51.3528038]]]}}, {"type": "Feature", "properties": {"name": "Franselei", "street_id": "5389", "municipality": "Kapellen", "nis": "11023", "geometry_source": "osm_way", "length_m": 2482.1, "osm_way_ids": [23523028, 23538985, 30054402, 38208811, 252115529, 911711541, 1534551839], "highway_types": ["residential"], "lat": 51.3450877, "lon": 4.468184}, "geometry": {"type": "MultiLineString", "coordinates": [[[4.4821261, 51.3393284], [4.4818961, 51.3394399], [4.4808721, 51.3398593], [4.4795713, 51.3403931], [4.4783824, 51.340879], [4.4768695, 51.3414918], [4.4743009, 51.3425404], [4.4729966, 51.343075], [4.4719347, 51.3435034], [4.4708464, 51.3439406], [4.4701041, 51.3442504], [4.4694464, 51.3445239], [4.4689295, 51.3447237], [4.4679385, 51.345133], [4.4669941, 51.3455212], [4.4662878, 51.3458049], [4.4652896, 51.3462112], [4.4643263, 51.3466034], [4.4611308, 51.3479004], [4.4594142, 51.3486081], [4.4567958, 51.3496672], [4.4567423, 51.3496888], [4.4545134, 51.3506087], [4.4543878, 51.3506588]], [[4.4662878, 51.3458049], [4.4677007, 51.3470991]]]}}, {"type": "Feature", "properties": {"name": "Fresialaan", "street_id": "5390", "municipality": "Kapellen", "nis": "11023", "geometry_source": "osm_way", "length_m": 110.0, "osm_way_ids": [101050574], "highway_types": ["residential"], "lat": 51.3147712, "lon": 4.4467256}, "geometry": {"type": "MultiLineString", "coordinates": [[[4.4472717, 51.3144147], [4.4461796, 51.3151278]]]}}, {"type": "Feature", "properties": {"name": "Fuchsialaan", "street_id": "5391", "municipality": "Kapellen", "nis": "11023", "geometry_source": "osm_way", "length_m": 188.7, "osm_way_ids": [101050569], "highway_types": ["residential"], "lat": 51.3175127, "lon": 4.4484042}, "geometry": {"type": "MultiLineString", "coordinates": [[[4.4472481, 51.3170686], [4.4479557, 51.3173495], [4.4495647, 51.3179454]]]}}, {"type": "Feature", "properties": {"name": "Gardenialaan", "street_id": "5392", "municipality": "Kapellen", "nis": "11023", "geometry_source": "osm_way", "length_m": 434.8, "osm_way_ids": [101050566, 136911209], "highway_types": ["residential"], "lat": 51.315434, "lon": 4.446681}, "geometry": {"type": "MultiLineString", "coordinates": [[[4.4448629, 51.3154634], [4.4448737, 51.3154097], [4.4458302, 51.3148033]], [[4.4454903, 51.314391], [4.4458302, 51.3148033], [4.4459512, 51.3149365], [4.4461796, 51.3151278], [4.4462747, 51.3152153], [4.4465495, 51.3153779], [4.4466649, 51.3154222], [4.4478567, 51.3158681], [4.4480708, 51.3159903], [4.4483284, 51.3162365], [4.4488374, 51.3164274]]]}}, {"type": "Feature", "properties": {"name": "Gasstraat", "street_id": "5393", "municipality": "Kapellen", "nis": "11023", "geometry_source": "osm_way", "length_m": 230.9, "osm_way_ids": [138313394, 150657358], "highway_types": ["residential"], "lat": 51.3134236, "lon": 4.4314594}, "geometry": {"type": "MultiLineString", "coordinates": [[[4.4309252, 51.3144008], [4.4309103, 51.3143303], [4.4309117, 51.3142753], [4.430933, 51.3142318], [4.4314198, 51.3134888], [4.4318428, 51.3128135], [4.4318742, 51.3127649], [4.4319039, 51.3127088], [4.4319454, 51.3126502], [4.4319982, 51.3126061], [4.4320763, 51.3124701]]]}}, {"type": "Feature", "properties": {"name": "Geelgorslaan", "street_id": "5394", "municipality": "Kapellen", "nis": "11023", "geometry_source": "osm_way", "length_m": 117.8, "osm_way_ids": [30046083], "highway_types": ["residential"], "lat": 51.3038426, "lon": 4.4454033}, "geometry": {"type": "MultiLineString", "coordinates": [[[4.445941, 51.3034344], [4.4448655, 51.3042508]]]}}, {"type": "Feature", "properties": {"name": "Genielaan", "street_id": "5395", "municipality": "Kapellen", "nis": "11023", "geometry_source": "osm_way", "length_m": 64.5, "osm_way_ids": [196842758], "highway_types": ["residential"], "lat": 51.3093751, "lon": 4.4533983}, "geometry": {"type": "MultiLineString", "coordinates": [[[4.4537497, 51.3095637], [4.4530468, 51.3091865]]]}}, {"type": "Feature", "properties": {"name": "Georges Capiaulei", "street_id": "5396", "municipality": "Kapellen", "nis": "11023", "geometry_source": "osm_way", "length_m": 605.5, "osm_way_ids": [23538629, 23538897], "highway_types": ["residential"], "lat": 51.3505021, "lon": 4.4623879}, "geometry": {"type": "MultiLineString", "coordinates": [[[4.4636251, 51.3531134], [4.4623582, 51.3504146], [4.4611308, 51.3479004]]]}}, {"type": "Feature", "properties": {"name": "Georges Spelierlaan", "street_id": "5397", "municipality": "Kapellen", "nis": "11023", "geometry_source": "osm_way", "length_m": 3176.5, "osm_way_ids": [30077590, 30077786, 32264598, 32264714, 32264873, 32265223, 284958842, 284958843, 493248016], "highway_types": ["residential", "unclassified"], "lat": 51.3337743, "lon": 4.4439041}, "geometry": {"type": "MultiLineString", "coordinates": [[[4.4367167, 51.3202959], [4.4366615, 51.3203114], [4.4366291, 51.3203423], [4.436655, 51.3204064], [4.4375018, 51.3219848], [4.4389436, 51.3246393], [4.4406658, 51.3278328], [4.4407591, 51.3279357], [4.44085, 51.3280536], [4.4409453, 51.3281845], [4.441594, 51.3293745], [4.4424797, 51.3310139], [4.4432752, 51.3325662], [4.4435765, 51.3331541], [4.4447415, 51.3353537], [4.4459333, 51.3375343], [4.4475974, 51.3406396], [4.4483649, 51.3420587], [4.4486078, 51.3424647], [4.4490164, 51.3432464], [4.449429, 51.3439989], [4.4504931, 51.3459555], [4.4512134, 51.3473072]]]}}, {"type": "Feature", "properties": {"name": "Golflei", "street_id": "5398", "municipality": "Kapellen", "nis": "11023", "geometry_source": "osm_way", "length_m": 660.4, "osm_way_ids": [30076978, 30076980, 1134120421], "highway_types": ["residential"], "lat": 51.3468485, "lon": 4.4559976}, "geometry": {"type": "MultiLineString", "coordinates": [[[4.4520394, 51.3484875], [4.4521651, 51.3484354], [4.4565418, 51.3466156], [4.4565894, 51.346596], [4.457893, 51.3460601], [4.4599653, 51.3452326]]]}}, {"type": "Feature", "properties": {"name": "Goudenregenlaan", "street_id": "5399", "municipality": "Kapellen", "nis": "11023", "geometry_source": "osm_way", "length_m": 297.4, "osm_way_ids": [147455847], "highway_types": ["residential"], "lat": 51.3090613, "lon": 4.4362369}, "geometry": {"type": "MultiLineString", "coordinates": [[[4.4354285, 51.3102982], [4.4370453, 51.3078244]]]}}, {"type": "Feature", "properties": {"name": "Graaf Henri Cornetlaan", "street_id": "5400", "municipality": "Kapellen", "nis": "11023", "geometry_source": "osm_way", "length_m": 546.5, "osm_way_ids": [101371542], "highway_types": ["residential"], "lat": 51.3254136, "lon": 4.4241015}, "geometry": {"type": "MultiLineString", "coordinates": [[[4.4263185, 51.3233915], [4.4237938, 51.325687], [4.4236965, 51.3257578], [4.4236082, 51.3258619], [4.4218924, 51.3274439]]]}}, {"type": "Feature", "properties": {"name": "Grensstraat", "street_id": "5401", "municipality": "Kapellen", "nis": "11023", "geometry_source": "osm_way", "length_m": 3288.5, "osm_way_ids": [7241775, 7241889, 23539493, 121686959, 121686961, 458152749, 543479351, 1183668808, 1372028176], "highway_types": ["residential", "tertiary", "unclassified"], "lat": 51.3596377, "lon": 4.4115712}, "geometry": {"type": "MultiLineString", "coordinates": [[[4.394706, 51.3558542], [4.3949423, 51.355916], [4.3953399, 51.3559672], [4.3955267, 51.3560042], [4.396681, 51.356302], [4.3967566, 51.3563223], [4.3968567, 51.3563498], [4.3979041, 51.3566266], [4.3980189, 51.356658], [4.3983618, 51.3567458], [4.3985935, 51.3567945], [4.3993686, 51.3569811], [4.3993088, 51.3570832], [4.3993089, 51.3570903], [4.3993165, 51.3570945], [4.4009549, 51.3577106], [4.40254, 51.35829], [4.4058921, 51.3595646], [4.4059564, 51.3596112]], [[4.4319591, 51.3617565], [4.4318546, 51.3618323], [4.4318201, 51.3618553], [4.4316736, 51.3619529], [4.4315836, 51.3619968], [4.4314593, 51.3620207], [4.4311861, 51.3620293], [4.4256543, 51.3620341], [4.4249157, 51.3620196], [4.4235521, 51.3620212], [4.4233633, 51.3620209], [4.4207012, 51.3620257], [4.4199788, 51.3620238], [4.4199037, 51.3620243], [4.4198407, 51.3620248], [4.4197315, 51.3620182], [4.4195243, 51.3619959], [4.4192665, 51.3619405], [4.4190776, 51.3618985], [4.4189215, 51.3618575], [4.4158347, 51.3610478], [4.4075401, 51.3588488], [4.4070652, 51.3587299], [4.4032786, 51.3578116], [4.4021737, 51.3575276], [4.4018218, 51.3574526], [4.4014218, 51.3573983], [4.4010911, 51.3573501], [4.4004825, 51.3572143], [4.3996911, 51.3570363], [4.3994369, 51.3569939]]]}}, {"type": "Feature", "properties": {"name": "Groenlaan", "street_id": "5402", "municipality": "Kapellen", "nis": "11023", "geometry_source": "osm_way", "length_m": 134.3, "osm_way_ids": [101371535], "highway_types": ["residential"], "lat": 51.3256453, "lon": 4.421759}, "geometry": {"type": "MultiLineString", "coordinates": [[[4.422318, 51.3251539], [4.4212, 51.3261367]]]}}, {"type": "Feature", "properties": {"name": "Guyotlei", "street_id": "5403", "municipality": "Kapellen", "nis": "11023", "geometry_source": "osm_way", "length_m": 114.7, "osm_way_ids": [147455848, 1361664488], "highway_types": ["residential"], "lat": 51.3131555, "lon": 4.4322223}, "geometry": {"type": "MultiLineString", "coordinates": [[[4.4319039, 51.3127088], [4.4320331, 51.3127847], [4.4320801, 51.3128842], [4.4321377, 51.312988], [4.4321651, 51.3130395], [4.4322915, 51.3132653], [4.4323154, 51.3133099], [4.4323968, 51.3134529], [4.4324099, 51.3134763], [4.4324385, 51.3135571], [4.4324549, 51.3136627]]]}}, {"type": "Feature", "properties": {"name": "Haagdoornlaan", "street_id": "5404", "municipality": "Kapellen", "nis": "11023", "geometry_source": "osm_way", "length_m": 604.5, "osm_way_ids": [147486480, 147486481, 196504219], "highway_types": ["residential"], "lat": 51.3232927, "lon": 4.4334139}, "geometry": {"type": "MultiLineString", "coordinates": [[[4.4300787, 51.321368], [4.4301016, 51.32143], [4.4301934, 51.3214921], [4.4323607, 51.3227158]], [[4.4340431, 51.3236451], [4.43251, 51.3227906]], [[4.4367806, 51.3251668], [4.4341905, 51.3237249]]]}}, {"type": "Feature", "properties": {"name": "Harklaan", "street_id": "5405", "municipality": "Kapellen", "nis": "11023", "geometry_source": "osm_way", "length_m": 342.5, "osm_way_ids": [26003091, 26084880], "highway_types": ["cycleway", "residential"], "lat": 51.3507662, "lon": 4.4050059}, "geometry": {"type": "MultiLineString", "coordinates": [[[4.4059343, 51.3517589], [4.4059985, 51.3516574], [4.4063858, 51.3510666], [4.4064057, 51.3510362], [4.4034496, 51.3502855], [4.403312, 51.3502916], [4.4032602, 51.3502836], [4.4032946, 51.3502309], [4.4032536, 51.3502226], [4.4031102, 51.350259]]]}}, {"type": "Feature", "properties": {"name": "Hazelaardreef", "street_id": "5406", "municipality": "Kapellen", "nis": "11023", "geometry_source": "osm_way", "length_m": 698.1, "osm_way_ids": [121672337], "highway_types": ["residential"], "lat": 51.3506687, "lon": 4.4806617}, "geometry": {"type": "MultiLineString", "coordinates": [[[4.4769752, 51.3527986], [4.4783524, 51.3520022], [4.4784829, 51.3519227], [4.4796854, 51.3512292], [4.4821982, 51.3497797], [4.4842512, 51.3486062], [4.4843584, 51.3485577]]]}}, {"type": "Feature", "properties": {"name": "Hazenlei", "street_id": "5407", "municipality": "Kapellen", "nis": "11023", "geometry_source": "osm_way", "length_m": 347.0, "osm_way_ids": [23538527], "highway_types": ["residential"], "lat": 51.3526584, "lon": 4.4691134}, "geometry": {"type": "MultiLineString", "coordinates": [[[4.4705035, 51.3539525], [4.4677232, 51.3513643]]]}}, {"type": "Feature", "properties": {"name": "Heggemuslaan", "street_id": "5408", "municipality": "Kapellen", "nis": "11023", "geometry_source": "osm_way", "length_m": 225.5, "osm_way_ids": [30046087], "highway_types": ["residential"], "lat": 51.303823, "lon": 4.4440704}, "geometry": {"type": "MultiLineString", "coordinates": [[[4.4452987, 51.3044818], [4.4448655, 51.3042508], [4.4428427, 51.3031629]]]}}, {"type": "Feature", "properties": {"name": "Heiakker", "street_id": "5409", "municipality": "Kapellen", "nis": "11023", "geometry_source": "osm_way", "length_m": 333.8, "osm_way_ids": [101039811, 101039816], "highway_types": ["residential"], "lat": 51.3023756, "lon": 4.4332718}, "geometry": {"type": "MultiLineString", "coordinates": [[[4.4325988, 51.3028738], [4.4325621, 51.3029901], [4.4323944, 51.3032213], [4.4323384, 51.3032659], [4.4322389, 51.3032412], [4.4322477, 51.3031891], [4.4324168, 51.3029342], [4.4325988, 51.3028738]], [[4.4347034, 51.3013104], [4.4336738, 51.3020272], [4.4325988, 51.3028738]]]}}, {"type": "Feature", "properties": {"name": "Heidestraat", "street_id": "5410", "municipality": "Kapellen", "nis": "11023", "geometry_source": "osm_way", "length_m": 1359.0, "osm_way_ids": [23520458, 32264515, 32264574, 32265928, 32265998, 32266055, 169456729, 179043100, 284958048, 429703089], "highway_types": ["residential", "tertiary"], "lat": 51.3241469, "lon": 4.4430539}, "geometry": {"type": "MultiLineString", "coordinates": [[[4.4365682, 51.3196563], [4.4365232, 51.3199576], [4.4365224, 51.3200162], [4.4365253, 51.320071], [4.4365336, 51.3201102], [4.4366476, 51.3202454], [4.436699, 51.3202835], [4.4367167, 51.3202959], [4.4367549, 51.3203209], [4.4368586, 51.3203818], [4.4395547, 51.3222378], [4.4410464, 51.3232884], [4.4424111, 51.3242377], [4.4426085, 51.3243557], [4.4428918, 51.3245059], [4.4434399, 51.3247618], [4.4437501, 51.3249082], [4.4445355, 51.3252554], [4.4447464, 51.3253459], [4.4449198, 51.3253986], [4.4450493, 51.3254334], [4.4458887, 51.3256563], [4.446633, 51.3258676], [4.446784, 51.3259273], [4.447029, 51.3260701], [4.4470869, 51.3261087], [4.4473091, 51.326257], [4.4473534, 51.3262824], [4.4477696, 51.326528], [4.4481761, 51.326769], [4.4490913, 51.3272963], [4.449745, 51.3276944]], [[4.4499225, 51.3277436], [4.4499119, 51.3277838], [4.4498676, 51.3278138], [4.4498042, 51.3278235], [4.4497427, 51.3278099], [4.4497083, 51.3277844], [4.4496963, 51.3277518], [4.4497095, 51.3277195], [4.449745, 51.3276944]], [[4.449745, 51.3276944], [4.4498062, 51.3276817], [4.4498686, 51.327692], [4.4499121, 51.3277218]]]}}, {"type": "Feature", "properties": {"name": "Heidestraat-Noord", "street_id": "5411", "municipality": "Kapellen", "nis": "11023", "geometry_source": "osm_way", "length_m": 2982.2, "osm_way_ids": [23538949, 23538970, 32265914, 32266046, 32271099, 32272713, 32272965, 32273010, 32273356, 284958050, 284958497, 284959171, 426540325], "highway_types": ["cycleway", "tertiary"], "lat": 51.3398926, "lon": 4.4535651}, "geometry": {"type": "MultiLineString", "coordinates": [[[4.4497427, 51.3278099], [4.4496755, 51.3278563], [4.4490074, 51.329156], [4.4489031, 51.3293166], [4.4486396, 51.3295867], [4.448266, 51.329967], [4.4482309, 51.3300146], [4.4482171, 51.3300746], [4.4481953, 51.3303277], [4.4481796, 51.3305135], [4.4481744, 51.3306198], [4.4482068, 51.3307268], [4.448755, 51.3318382], [4.4490744, 51.3324587], [4.4491705, 51.3325854], [4.4493622, 51.3327499], [4.4517647, 51.3347899], [4.4525955, 51.3355107], [4.4526812, 51.3356096], [4.4527905, 51.335787], [4.4529021, 51.3360397], [4.4534137, 51.3371494], [4.4539856, 51.3383641], [4.4540545, 51.3385303], [4.4544793, 51.3394474], [4.4546641, 51.339888], [4.4552319, 51.3411787], [4.4559133, 51.3426407], [4.4562547, 51.3433774], [4.456291, 51.343467], [4.45631, 51.3435888], [4.4564353, 51.3455445], [4.4565418, 51.3466156], [4.4566492, 51.348246], [4.4567423, 51.3496888], [4.4569633, 51.3527512], [4.4569448, 51.3527802], [4.456837, 51.3528347], [4.4567848, 51.3528617]], [[4.4570124, 51.3527298], [4.4570135, 51.3530732]]]}}, {"type": "Feature", "properties": {"name": "Heidestraat-Zuid", "street_id": "5412", "municipality": "Kapellen", "nis": "11023", "geometry_source": "osm_way", "length_m": 3455.5, "osm_way_ids": [23520461, 23563331, 32265929, 32268682, 255777401, 255777402, 255777403, 255777404, 902226347, 954595772, 1197280751, 1197280752], "highway_types": ["track", "unclassified"], "lat": 51.3339059, "lon": 4.468346}, "geometry": {"type": "MultiLineString", "coordinates": [[[4.4499225, 51.3277436], [4.4500872, 51.3277409], [4.4506166, 51.3278422], [4.4550195, 51.3286845], [4.4553372, 51.3287503], [4.4595931, 51.3298932], [4.460042, 51.3300124], [4.4604614, 51.3301371], [4.4607273, 51.3302434], [4.4621152, 51.3308449], [4.4631109, 51.3312694], [4.4644482, 51.3318337], [4.4646052, 51.3318993], [4.4647128, 51.3319462], [4.4648758, 51.3320109], [4.4649833, 51.3320571], [4.4701952, 51.3342524], [4.4705542, 51.3344122], [4.4718974, 51.3349789], [4.4774331, 51.3373253], [4.4821261, 51.3393284], [4.4872095, 51.3414859], [4.487328, 51.3415939]], [[4.4646052, 51.3318993], [4.463641, 51.3331757], [4.4630468, 51.3339813], [4.462509, 51.3346986], [4.4621378, 51.3352048]]]}}, {"type": "Feature", "properties": {"name": "Heirust", "street_id": "5413", "municipality": "Kapellen", "nis": "11023", "geometry_source": "osm_way", "length_m": 147.6, "osm_way_ids": [369365344], "highway_types": ["residential"], "lat": 51.3017136, "lon": 4.4330348}, "geometry": {"type": "MultiLineString", "coordinates": [[[4.4336738, 51.3020272], [4.4330811, 51.30167], [4.4330028, 51.3016184]], [[4.4330028, 51.3016184], [4.432888, 51.3015426], [4.4327619, 51.3014939], [4.4326573, 51.3015543], [4.4326117, 51.3016935], [4.4326868, 51.3017421], [4.4327646, 51.3017438], [4.4330028, 51.3016184]]]}}, {"type": "Feature", "properties": {"name": "Heiveldlaan", "street_id": "5414", "municipality": "Kapellen", "nis": "11023", "geometry_source": "osm_way", "length_m": 212.2, "osm_way_ids": [23540914], "highway_types": ["residential"], "lat": 51.3009856, "lon": 4.4234459}, "geometry": {"type": "MultiLineString", "coordinates": [[[4.4226993, 51.3017667], [4.4227368, 51.3017247], [4.4227985, 51.3016878], [4.4229192, 51.3016157], [4.4230319, 51.3015386], [4.423067, 51.3015125], [4.423138, 51.3014596], [4.4233182, 51.3012718], [4.4234421, 51.3010444], [4.4234556, 51.3010196], [4.4235741, 51.3008451], [4.4240209, 51.3001692], [4.4240406, 51.300141], [4.4240779, 51.3000907]]]}}, {"type": "Feature", "properties": {"name": "Heizoomlaan", "street_id": "5415", "municipality": "Kapellen", "nis": "11023", "geometry_source": "osm_way", "length_m": 347.1, "osm_way_ids": [28891497, 28891505, 28891513], "highway_types": ["residential"], "lat": 51.3026842, "lon": 4.4267789}, "geometry": {"type": "MultiLineString", "coordinates": [[[4.4256802, 51.3036204], [4.4264436, 51.3029724]], [[4.4264436, 51.3029724], [4.4264624, 51.3028638], [4.4270375, 51.3023809], [4.4271276, 51.3023838], [4.4271464, 51.3024508], [4.4265997, 51.3029282], [4.4264436, 51.3029724]], [[4.4271276, 51.3023838], [4.427448, 51.3021149], [4.4277865, 51.3018296], [4.427817, 51.3017979], [4.4278609, 51.3017513]]]}}, {"type": "Feature", "properties": {"name": "Helmstraat", "street_id": "5416", "municipality": "Kapellen", "nis": "11023", "geometry_source": "osm_way", "length_m": 230.8, "osm_way_ids": [147486482], "highway_types": ["residential"], "lat": 51.3213009, "lon": 4.4402717}, "geometry": {"type": "MultiLineString", "coordinates": [[[4.4395547, 51.3222378], [4.4401022, 51.3215092], [4.4409377, 51.3204499], [4.4409976, 51.3203709]]]}}, {"type": "Feature", "properties": {"name": "Hindedreef", "street_id": "5417", "municipality": "Kapellen", "nis": "11023", "geometry_source": "osm_way", "length_m": 343.6, "osm_way_ids": [30046099], "highway_types": ["residential"], "lat": 51.3028882, "lon": 4.441018}, "geometry": {"type": "MultiLineString", "coordinates": [[[4.4391996, 51.3031015], [4.4400004, 51.3035228], [4.4401615, 51.3035326], [4.4411293, 51.3028356], [4.4413799, 51.3027487], [4.4416439, 51.3026761], [4.4418986, 51.3025903], [4.4427951, 51.3019318]]]}}, {"type": "Feature", "properties": {"name": "Hoelenweg", "street_id": "225357", "municipality": "Kapellen", "nis": "11023", "geometry_source": "osm_way", "length_m": 122.3, "osm_way_ids": [147455858], "highway_types": ["service"], "lat": 51.3144019, "lon": 4.425968}, "geometry": {"type": "MultiLineString", "coordinates": [[[4.4252441, 51.3141062], [4.4253505, 51.3141219], [4.425538, 51.3142049], [4.4257879, 51.3143155], [4.4259775, 51.3144034], [4.4262494, 51.3145294], [4.4265696, 51.3146778], [4.4266835, 51.3147253]]]}}, {"type": "Feature", "properties": {"name": "Hoenderhoflaan", "street_id": "5418", "municipality": "Kapellen", "nis": "11023", "geometry_source": "osm_way", "length_m": 272.1, "osm_way_ids": [253656781, 253656782], "highway_types": ["residential"], "lat": 51.3005221, "lon": 4.4220025}, "geometry": {"type": "MultiLineString", "coordinates": [[[4.4234421, 51.3010444], [4.4230634, 51.3009473], [4.4229863, 51.3009276], [4.4228819, 51.3008866], [4.422397, 51.3005813], [4.4218448, 51.3004306]], [[4.421813, 51.3003954], [4.4218448, 51.3004306], [4.4217953, 51.3004507], [4.4216449, 51.3004297], [4.4209813, 51.3002416], [4.4209796, 51.300204], [4.4210182, 51.3001748], [4.421813, 51.3003954]]]}}, {"type": "Feature", "properties": {"name": "Hoevensebaan", "street_id": "5419", "municipality": "Kapellen", "nis": "11023", "geometry_source": "osm_way", "length_m": 1308.5, "osm_way_ids": [23256078, 23540798, 83287779, 83287780, 83287781, 101028387, 147455849, 150655906, 427766482, 1112541848], "highway_types": ["primary", "tertiary"], "lat": 51.3119436, "lon": 4.4212482}, "geometry": {"type": "MultiLineString", "coordinates": [[[4.4129493, 51.3094352], [4.4130236, 51.3094577], [4.4133428, 51.309552], [4.4147249, 51.3098952], [4.4149315, 51.3099471], [4.4168706, 51.3104098], [4.4170072, 51.3104363], [4.4181049, 51.3107358], [4.4189628, 51.3109608], [4.4190978, 51.310996], [4.4204177, 51.3113503], [4.420561, 51.3114065], [4.4208677, 51.3115349], [4.4211117, 51.3116406], [4.4216099, 51.3118498], [4.4217521, 51.3119127], [4.4222177, 51.3121108], [4.4223432, 51.3121652], [4.42252, 51.312228], [4.4229222, 51.3124162], [4.4230333, 51.3124554], [4.4237742, 51.3127654], [4.4242875, 51.3129918], [4.4244076, 51.3130416], [4.4251796, 51.3133636], [4.42557, 51.313521], [4.4256829, 51.3135669], [4.4262949, 51.3137992], [4.4263591, 51.313825], [4.4269891, 51.314065], [4.4276281, 51.3142416], [4.4277439, 51.3142707], [4.4278224, 51.3142902], [4.4281536, 51.3143908], [4.4283394, 51.3144731], [4.4283596, 51.3144814], [4.4284188, 51.3145171], [4.4286568, 51.3146189], [4.42893, 51.3147697], [4.4291983, 51.3149209], [4.4293586, 51.3149926]]]}}, {"type": "Feature", "properties": {"name": "Hofstraat", "street_id": "5420", "municipality": "Kapellen", "nis": "11023", "geometry_source": "osm_way", "length_m": 151.7, "osm_way_ids": [138313391, 138313392], "highway_types": ["residential"], "lat": 51.3123363, "lon": 4.4314248}, "geometry": {"type": "MultiLineString", "coordinates": [[[4.4316196, 51.3117373], [4.4310917, 51.3124641], [4.4318071, 51.3126781], [4.4318651, 51.3126961], [4.4319039, 51.3127088]]]}}, {"type": "Feature", "properties": {"name": "Hoge Weg", "street_id": "5421", "municipality": "Kapellen", "nis": "11023", "geometry_source": "osm_way", "length_m": 305.8, "osm_way_ids": [35043749], "highway_types": ["residential"], "lat": 51.3536166, "lon": 4.5118232}, "geometry": {"type": "MultiLineString", "coordinates": [[[4.513688, 51.3542642], [4.5126497, 51.3535666], [4.5124559, 51.3535059], [4.5098077, 51.3534574]]]}}, {"type": "Feature", "properties": {"name": "Hogeschootlaan", "street_id": "5422", "municipality": "Kapellen", "nis": "11023", "geometry_source": "osm_way", "length_m": 188.7, "osm_way_ids": [196501081], "highway_types": ["residential"], "lat": 51.32884, "lon": 4.4396415}, "geometry": {"type": "MultiLineString", "coordinates": [[[4.4389173, 51.3295564], [4.4403657, 51.3281235]]]}}, {"type": "Feature", "properties": {"name": "Holleweg", "street_id": "5423", "municipality": "Kapellen", "nis": "11023", "geometry_source": "osm_way", "length_m": 1585.7, "osm_way_ids": [23518682, 23518683, 23518684, 26371844, 26390310, 254798129], "highway_types": ["path", "residential", "track"], "lat": 51.3077979, "lon": 4.4606124}, "geometry": {"type": "MultiLineString", "coordinates": [[[4.4538513, 51.3027101], [4.454102, 51.3031654], [4.4542427, 51.3040184], [4.4542161, 51.3047705], [4.454515, 51.3052311], [4.4546127, 51.3053121], [4.4556175, 51.3056756], [4.4557449, 51.3057309], [4.4560503, 51.3058633], [4.4570767, 51.3061996], [4.4579805, 51.3063889], [4.4585382, 51.3065146], [4.4590259, 51.3066447], [4.4592136, 51.306695], [4.4598314, 51.3068685], [4.460369, 51.3072268], [4.4605613, 51.3073345], [4.4617673, 51.3079743], [4.4621017, 51.3081551], [4.4630036, 51.3087776], [4.4635691, 51.3093373], [4.4640058, 51.3097006], [4.4645503, 51.3099679], [4.4648576, 51.3101099], [4.465219, 51.3102493], [4.4655511, 51.3104361], [4.4659472, 51.3108954], [4.4660023, 51.3109592], [4.4660189, 51.3109728], [4.4668069, 51.3116184], [4.4672771, 51.3119112], [4.4673116, 51.3119327], [4.4676754, 51.3121593], [4.4678916, 51.3123182], [4.4683472, 51.3126133], [4.468361482074819, 51.31262836858768]]]}}, {"type": "Feature", "properties": {"name": "Hoogboomsteenweg", "street_id": "5424", "municipality": "Kapellen", "nis": "11023", "geometry_source": "osm_way", "length_m": 2709.2, "osm_way_ids": [23518686, 32240221, 32240241, 32240318, 38208815, 196844970, 1157368967, 1362251747], "highway_types": ["tertiary"], "lat": 51.3110776, "lon": 4.4508154}, "geometry": {"type": "MultiLineString", "coordinates": [[[4.4668726, 51.3158811], [4.46642, 51.3159577], [4.4661225, 51.3159989], [4.4659265, 51.3160211], [4.4658303, 51.3160282], [4.4657307, 51.3160316], [4.4653119, 51.3160407], [4.4646751, 51.3160552], [4.4644066, 51.3160608], [4.4642449, 51.3160594], [4.4640815, 51.3160509], [4.4639574, 51.3160396], [4.4638445, 51.3160239], [4.462944, 51.3158687], [4.4603574, 51.3154219], [4.4601541, 51.3153864], [4.4600506, 51.3153668], [4.4599245, 51.3153407], [4.4598491, 51.3153242], [4.4597445, 51.3152979], [4.4596408, 51.3152685], [4.4595561, 51.3152429], [4.459492, 51.3152222], [4.4593521, 51.3151737], [4.4593181, 51.3151613], [4.4592773, 51.3151465], [4.4592014, 51.3151158], [4.4589588, 51.3150125], [4.4586872, 51.3148895], [4.4584913, 51.3148019], [4.4575729, 51.3143874], [4.4567114, 51.3140111], [4.4564415, 51.3139113], [4.4562434, 51.3138433], [4.4558256, 51.3137164], [4.4557062, 51.3136806], [4.4555835, 51.3136409], [4.4553782, 51.3135715], [4.4545449, 51.3132498], [4.4543997, 51.3131906], [4.4542769, 51.3131478], [4.453768, 51.3129777], [4.4531777, 51.312766], [4.4531436, 51.3127538], [4.4521891, 51.312402], [4.4520117, 51.3123366], [4.4518959, 51.3122931], [4.4514646, 51.3121296], [4.4506276, 51.3118122], [4.4505301, 51.3117759], [4.4503956, 51.3117261], [4.4499201, 51.311538], [4.4495977, 51.3113586], [4.4490388, 51.3110119], [4.4489405, 51.3109509], [4.4488518, 51.3108965], [4.4484235, 51.3106296], [4.4480096, 51.3103582], [4.4478169, 51.310223], [4.4477012, 51.3101447], [4.4475641, 51.310053], [4.4472189, 51.3098119], [4.4467505, 51.309649], [4.4458991, 51.3094188], [4.4457223, 51.3093748], [4.445279, 51.3092583], [4.4452182, 51.3092433], [4.4451317, 51.3092221], [4.4450534, 51.309204], [4.4447948, 51.3091441], [4.4446965, 51.3091213], [4.4446072, 51.3090992], [4.4439402, 51.3089344], [4.443583, 51.3088191], [4.4432471, 51.3086964], [4.4429176, 51.3085375], [4.4424219, 51.3081388], [4.4419477, 51.3077316], [4.4416601, 51.3074819], [4.441573, 51.3074063], [4.4414925, 51.3073218], [4.4411202, 51.306931], [4.4407953, 51.3066292], [4.4404729, 51.3064625], [4.4394369, 51.3056735], [4.4393725, 51.3056143], [4.4392955, 51.3055331], [4.4392678, 51.3055021], [4.4391844, 51.3053809], [4.4391588, 51.3053284], [4.4391431, 51.30529], [4.439133, 51.3052512], [4.4391039, 51.3051581], [4.439065, 51.3048326], [4.4390135, 51.3045643], [4.4389105, 51.3043765], [4.4386702, 51.3041779], [4.4383526, 51.3039526], [4.4381508, 51.3038247], [4.437975, 51.3037164], [4.4377114, 51.3035798], [4.4371064, 51.3033536], [4.4364989, 51.3031066], [4.4364441, 51.3030827], [4.4363262, 51.3029882]]]}}, {"type": "Feature", "properties": {"name": "Houtsniplei", "street_id": "5425", "municipality": "Kapellen", "nis": "11023", "geometry_source": "osm_way", "length_m": 914.5, "osm_way_ids": [26391219, 32269991], "highway_types": ["residential"], "lat": 51.3420883, "lon": 4.4808144}, "geometry": {"type": "MultiLineString", "coordinates": [[[4.4743009, 51.3425404], [4.4744271, 51.3425598], [4.4795136, 51.3421866], [4.4866723, 51.341654], [4.487328, 51.3415939]]]}}, {"type": "Feature", "properties": {"name": "Hulstlei", "street_id": "5426", "municipality": "Kapellen", "nis": "11023", "geometry_source": "osm_way", "length_m": 68.1, "osm_way_ids": [26002915], "highway_types": ["residential"], "lat": 51.3530033, "lon": 4.4051338}, "geometry": {"type": "MultiLineString", "coordinates": [[[4.4049586, 51.353289], [4.404997, 51.3532251], [4.4053096, 51.352718]]]}}, {"type": "Feature", "properties": {"name": "Iependreef", "street_id": "5427", "municipality": "Kapellen", "nis": "11023", "geometry_source": "osm_way", "length_m": 310.1, "osm_way_ids": [25550166], "highway_types": ["residential"], "lat": 51.3060179, "lon": 4.4240604}, "geometry": {"type": "MultiLineString", "coordinates": [[[4.4220973, 51.3053637], [4.4260235, 51.3066722]]]}}, {"type": "Feature", "properties": {"name": "Industrielaan", "street_id": "5428", "municipality": "Kapellen", "nis": "11023", "geometry_source": "osm_way", "length_m": 273.7, "osm_way_ids": [23824565], "highway_types": ["unclassified"], "lat": 51.3561702, "lon": 4.5053356}, "geometry": {"type": "MultiLineString", "coordinates": [[[4.5034276, 51.3558712], [4.5045528, 51.3560437], [4.5054455, 51.3561899], [4.5067878, 51.3564097], [4.5071036, 51.3564227], [4.5072474, 51.3564254]]]}}, {"type": "Feature", "properties": {"name": "Irisdreef", "street_id": "5429", "municipality": "Kapellen", "nis": "11023", "geometry_source": "osm_way", "length_m": 77.7, "osm_way_ids": [101032543], "highway_types": ["residential"], "lat": 51.3037996, "lon": 4.4237091}, "geometry": {"type": "MultiLineString", "coordinates": [[[4.4232287, 51.303659], [4.4235958, 51.3037632], [4.4237061, 51.3038592], [4.4239109, 51.3038937], [4.4241944, 51.3038149]]]}}, {"type": "Feature", "properties": {"name": "Ivo Van den Berghlaan", "street_id": "5430", "municipality": "Kapellen", "nis": "11023", "geometry_source": "osm_way", "length_m": 67.3, "osm_way_ids": [284958052], "highway_types": ["residential"], "lat": 51.3270239, "lon": 4.4469248}, "geometry": {"type": "MultiLineString", "coordinates": [[[4.4472873, 51.3272238], [4.4465623, 51.326824]]]}}, {"type": "Feature", "properties": {"name": "Jagersdreef", "street_id": "5431", "municipality": "Kapellen", "nis": "11023", "geometry_source": "osm_way", "length_m": 1049.1, "osm_way_ids": [23518655, 77410494, 105613150, 105613151], "highway_types": ["residential"], "lat": 51.305641, "lon": 4.4499597}, "geometry": {"type": "MultiLineString", "coordinates": [[[4.4451317, 51.3092221], [4.445254, 51.3091322], [4.4477045, 51.3073447], [4.4499317, 51.3056802], [4.4518501, 51.3042556], [4.4538513, 51.3027101], [4.4545148, 51.302117], [4.4545731, 51.3020649], [4.4546657, 51.3019821], [4.4547014, 51.301951]]]}}, {"type": "Feature", "properties": {"name": "Jagerslei", "street_id": "5432", "municipality": "Kapellen", "nis": "11023", "geometry_source": "osm_way", "length_m": 339.4, "osm_way_ids": [23538607], "highway_types": ["residential"], "lat": 51.3538454, "lon": 4.4660283}, "geometry": {"type": "MultiLineString", "coordinates": [[[4.4667317, 51.3553058], [4.4653248, 51.3523851]]]}}, {"type": "Feature", "properties": {"name": "Janhagelstraat", "street_id": "145668", "municipality": "Kapellen", "nis": "11023", "geometry_source": "osm_way", "length_m": 135.6, "osm_way_ids": [145248140], "highway_types": ["residential"], "lat": 51.3535575, "lon": 4.4065795}, "geometry": {"type": "MultiLineString", "coordinates": [[[4.4071969, 51.3537814], [4.4070887, 51.3537992], [4.4062595, 51.3536044], [4.4062198, 51.3535551], [4.4065302, 51.3530525]]]}}, {"type": "Feature", "properties": {"name": "Jef Verbercklaan", "street_id": "184125", "municipality": "Kapellen", "nis": "11023", "geometry_source": "osm_way", "length_m": 330.6, "osm_way_ids": [285881458], "highway_types": ["residential"], "lat": 51.313987, "lon": 4.4518533}, "geometry": {"type": "MultiLineString", "coordinates": [[[4.4503966, 51.3145628], [4.4510949, 51.3148418], [4.4514375, 51.3145004], [4.451658, 51.3142806], [4.451966, 51.3139736], [4.4531123, 51.3128323], [4.4531777, 51.312766]]]}}, {"type": "Feature", "properties": {"name": "Jozef Mulslaan", "street_id": "5433", "municipality": "Kapellen", "nis": "11023", "geometry_source": "osm_way", "length_m": 714.2, "osm_way_ids": [101371533, 169455939, 1175412558, 1175412559], "highway_types": ["residential"], "lat": 51.3306946, "lon": 4.4329447}, "geometry": {"type": "MultiLineString", "coordinates": [[[4.430151, 51.3330439], [4.4303582, 51.3328936], [4.4305046, 51.3328272]], [[4.4305046, 51.3328272], [4.4304574, 51.3329378], [4.4304024, 51.3330689], [4.4303753, 51.3331109]], [[4.4359047, 51.3281017], [4.4337519, 51.3299893], [4.4329635, 51.3306803], [4.4319607, 51.3315501], [4.4314484, 51.3320092], [4.4305046, 51.3328272]]]}}, {"type": "Feature", "properties": {"name": "Julien Breugelmansstraat", "street_id": "5434", "municipality": "Kapellen", "nis": "11023", "geometry_source": "osm_way", "length_m": 271.7, "osm_way_ids": [147486483], "highway_types": ["residential"], "lat": 51.31838, "lon": 4.4284371}, "geometry": {"type": "MultiLineString", "coordinates": [[[4.4270572, 51.3175222], [4.4271338, 51.3175735], [4.4275284, 51.3178058], [4.4284295, 51.3183691], [4.4298091, 51.3192506]]]}}, {"type": "Feature", "properties": {"name": "Kalmthoutsesteenweg", "street_id": "5435", "municipality": "Kapellen", "nis": "11023", "geometry_source": "osm_way", "length_m": 5200.5, "osm_way_ids": [23523620, 23523622, 30077333, 30077345, 30077366, 164698340, 164698341, 165848375, 165848376, 252115533, 284959781, 493248015, 1003551206, 1003551207, 1003551208, 1307666361, 1307666362], "highway_types": ["living_street", "secondary", "service"], "lat": 51.339615, "lon": 4.4392243}, "geometry": {"type": "MultiLineString", "coordinates": [[[4.4374563, 51.335723], [4.4366343, 51.3353875], [4.4345932, 51.3345357], [4.4342397, 51.3343928], [4.433314, 51.3340287], [4.4327841, 51.3338534], [4.4303753, 51.3331109], [4.430151, 51.3330439], [4.4287381, 51.3326157], [4.4265058, 51.3319306], [4.4256967, 51.3316825], [4.4239267, 51.3311314], [4.4224441, 51.3306876], [4.4193816, 51.3297442], [4.4187053, 51.3295362], [4.4161167, 51.328719], [4.4159536, 51.3286663]], [[4.4256967, 51.3316825], [4.4258418, 51.3315398], [4.425909, 51.3314908], [4.4259985, 51.3314457]], [[4.4259985, 51.3314457], [4.4262582, 51.331385], [4.4263908, 51.3313505], [4.4265064, 51.3313038], [4.4265774, 51.331238], [4.4266157, 51.3311648], [4.4266779, 51.3309618], [4.42684, 51.3307297], [4.4268185, 51.3305923], [4.4266372, 51.330471], [4.4260954, 51.3303771], [4.4258754, 51.3304877], [4.4256437, 51.3307834], [4.4256216, 51.3309207], [4.4256394, 51.3310274], [4.4256945, 51.3311544], [4.4258003, 51.331272], [4.4259985, 51.3314457]], [[4.4374563, 51.335723], [4.4378329, 51.3358444], [4.4381747, 51.3359873], [4.4384824, 51.3361326], [4.4388401, 51.3363438], [4.4391251, 51.3365365], [4.4393971, 51.3367462], [4.4396001, 51.3369498], [4.4397852, 51.3371608]], [[4.4397852, 51.3371608], [4.439249, 51.3367306], [4.4387715, 51.3363975], [4.4384209, 51.3361885], [4.437793, 51.3358832], [4.4374563, 51.335723]], [[4.461455, 51.3572098], [4.4613102, 51.3570454], [4.4609776, 51.3567333], [4.4602869, 51.3560999], [4.459088, 51.3550245], [4.4570135, 51.3530732], [4.4567848, 51.3528617], [4.4548335, 51.3510813], [4.4545288, 51.3507924], [4.4543878, 51.3506588], [4.4542523, 51.3505335], [4.4520394, 51.3484875], [4.4515779, 51.3480592], [4.451458, 51.3479507], [4.4513447, 51.3478481], [4.4512099, 51.3477261], [4.4506528, 51.3472063], [4.4505985, 51.3471557], [4.4504805, 51.3470499], [4.4501988, 51.3467876], [4.4498875, 51.3464942], [4.4496629, 51.3462869], [4.4472807, 51.3440984], [4.4459224, 51.3428426], [4.4458811, 51.3428044], [4.4457375, 51.3426717], [4.4449146, 51.3419199], [4.4418511, 51.3390696], [4.4412161, 51.3384788], [4.4397852, 51.3371608]]]}}, {"type": "Feature", "properties": {"name": "Kameliadreef", "street_id": "5436", "municipality": "Kapellen", "nis": "11023", "geometry_source": "osm_way", "length_m": 489.7, "osm_way_ids": [121672338], "highway_types": ["residential"], "lat": 51.3527338, "lon": 4.4816831}, "geometry": {"type": "MultiLineString", "coordinates": [[[4.4850405, 51.3533313], [4.4831234, 51.3530344], [4.4813166, 51.3527211], [4.4783524, 51.3520022]]]}}, {"type": "Feature", "properties": {"name": "Kamplaan", "street_id": "5437", "municipality": "Kapellen", "nis": "11023", "geometry_source": "osm_way", "length_m": 795.0, "osm_way_ids": [35210384, 1413961701, 1413961702, 1414108388, 1414108389, 1423850349], "highway_types": ["track", "unclassified"], "lat": 51.3541143, "lon": 4.5065217}, "geometry": {"type": "MultiLineString", "coordinates": [[[4.5055901, 51.3540694], [4.5056881, 51.3540862], [4.5058271, 51.35411], [4.505985, 51.3541371], [4.5061631, 51.3541676], [4.5063444, 51.3541986], [4.506484, 51.3542226], [4.5066706, 51.3542546], [4.5068419, 51.3542839], [4.506906, 51.3543119], [4.506958, 51.3543346]], [[4.506955, 51.3548546], [4.5069602, 51.3543558], [4.506958, 51.3543346], [4.506959, 51.3542748], [4.5069607, 51.354245], [4.5069804, 51.3539066], [4.506948, 51.3538399], [4.5068925, 51.3537917], [4.5068257, 51.3537764], [4.506746, 51.3537607], [4.5059779, 51.3536164], [4.5058362, 51.353601], [4.5058175, 51.3536091], [4.5058004, 51.3536176], [4.5057808, 51.3536322], [4.5057618, 51.3536578], [4.5055901, 51.3540694], [4.5053484, 51.3545671], [4.506955, 51.3548546], [4.5071651, 51.3548922], [4.5073439, 51.3549242]], [[4.507248, 51.3546854], [4.5072323, 51.3543323], [4.5071705, 51.3537537], [4.5071135, 51.3531394], [4.5071776, 51.3525321]]]}}, {"type": "Feature", "properties": {"name": "Kapellenboslei", "street_id": "5438", "municipality": "Kapellen", "nis": "11023", "geometry_source": "osm_way", "length_m": 659.9, "osm_way_ids": [399443492, 940073840, 940073841, 940073842], "highway_types": ["residential"], "lat": 51.3557734, "lon": 4.457155}, "geometry": {"type": "MultiLineString", "coordinates": [[[4.4571456, 51.3557538], [4.4569948, 51.3531393], [4.4570135, 51.3530732]], [[4.4571456, 51.3557538], [4.4572501, 51.3558704], [4.4572883, 51.3560238], [4.4572719, 51.3561614], [4.457187, 51.3562774]], [[4.457187, 51.3562774], [4.4570725, 51.356156], [4.4570471, 51.356017], [4.4570602, 51.3558836], [4.4571456, 51.3557538]], [[4.4573277, 51.3584142], [4.457187, 51.3562774]]]}}, {"type": "Feature", "properties": {"name": "Kapelsestraat", "street_id": "5439", "municipality": "Kapellen", "nis": "11023", "geometry_source": "osm_way", "length_m": 3532.6, "osm_way_ids": [49259090, 51275174, 131567647, 135922415, 143205873, 195750284, 195756551, 289101138, 289101139, 289101140, 289101141, 289101142, 289101143, 289169796, 289169797, 289169798, 289169799, 289169800, 289169801, 289169802, 289169803, 289169804, 289169805, 289169806, 356004716, 810196889, 931315443, 996963982, 1535686535, 1535686536, 1544021428], "highway_types": ["primary", "residential", "unclassified"], "lat": 51.3289149, "lon": 4.4153469}, "geometry": {"type": "MultiLineString", "coordinates": [[[4.4036961, 51.3410281], [4.4037987, 51.3409026], [4.4046996, 51.3398829], [4.40491, 51.3396494], [4.4049976, 51.3395556], [4.4053534, 51.3391743], [4.4063032, 51.3381709], [4.4063696, 51.3381043], [4.406436, 51.338041], [4.4073425, 51.3371564], [4.4074103, 51.3370902], [4.4084826, 51.3360411], [4.4085373, 51.3359876], [4.4091213, 51.335408], [4.4095821, 51.3349507], [4.4096821, 51.3348525], [4.4098336, 51.3347036], [4.4098723, 51.3346659], [4.4100075, 51.3345343], [4.4103539, 51.3341933], [4.4105922, 51.3339583], [4.4107324, 51.33382], [4.4107516, 51.3338011], [4.4108817, 51.3336728], [4.4109132, 51.3336417], [4.4113982, 51.3331689], [4.4114402, 51.333128], [4.411632, 51.3329384], [4.4117117, 51.3328624], [4.4118583, 51.3327168], [4.4118931, 51.332682], [4.412012, 51.3325645], [4.4126203, 51.3319794], [4.4130508, 51.3315346], [4.4130781, 51.3315076], [4.4136268, 51.3309689], [4.4139157, 51.3306853], [4.4140026, 51.3306028], [4.4140247, 51.3305818], [4.4140774, 51.3305318], [4.4140909, 51.3305182], [4.4146968, 51.3299182], [4.4152726, 51.3293445], [4.4155068, 51.3291114], [4.4155355, 51.3290828], [4.4158467, 51.3287727], [4.4159536, 51.3286663], [4.4160485, 51.3285755], [4.4163467, 51.3282801], [4.4164671, 51.3281618], [4.4173788, 51.327266], [4.4175488, 51.3270972], [4.4184435, 51.3262088], [4.418527, 51.3261244], [4.4197867, 51.3248509], [4.4199488, 51.3246907], [4.4203458, 51.3243018], [4.4207386, 51.3239235], [4.4223444, 51.3223239], [4.4224473, 51.3222223], [4.4226347, 51.3220371], [4.4227564, 51.3219169]], [[4.4101246, 51.3333392], [4.4104571, 51.3334469], [4.4107896, 51.333587], [4.4109132, 51.3336417]], [[4.4116362, 51.333902], [4.4115647, 51.3338825], [4.4114115, 51.3338383], [4.4110031, 51.3337146], [4.4108817, 51.3336728]], [[4.4160696, 51.3232338], [4.4178434, 51.3239481], [4.4187759, 51.3243136], [4.4193234, 51.3244963], [4.4196676, 51.3245866], [4.4199488, 51.3246907]], [[4.4208694, 51.3211893], [4.4225793, 51.3218486], [4.4227564, 51.3219169]], [[4.4227564, 51.3219169], [4.4229297, 51.3217428], [4.4232132, 51.3214614], [4.4239001, 51.3207795], [4.424434, 51.3202327], [4.4249306, 51.3197363], [4.4249702, 51.3196968], [4.4250285, 51.3196469], [4.4250908, 51.3195835], [4.4251346, 51.3195437], [4.4251685, 51.3195096], [4.4253572, 51.3193118], [4.4256447, 51.3189967], [4.4258972, 51.3187327], [4.4260124, 51.3186163]]]}}, {"type": "Feature", "properties": {"name": "Kardinaal Cardynplein", "street_id": "5440", "municipality": "Kapellen", "nis": "11023", "geometry_source": "osm_way", "length_m": 199.8, "osm_way_ids": [51275601, 147486484, 147486485, 147486486], "highway_types": ["residential"], "lat": 51.3209398, "lon": 4.4305479}, "geometry": {"type": "MultiLineString", "coordinates": [[[4.4300787, 51.321368], [4.4301035, 51.3213251], [4.4303937, 51.3211377]], [[4.4303937, 51.3211377], [4.4301576, 51.3209934], [4.4305829, 51.3207414], [4.4307982, 51.3207234], [4.4310755, 51.3207096], [4.4303937, 51.3211377]]]}}, {"type": "Feature", "properties": {"name": "Kastanjedreef", "street_id": "5441", "municipality": "Kapellen", "nis": "11023", "geometry_source": "osm_way", "length_m": 683.0, "osm_way_ids": [30046042], "highway_types": ["residential"], "lat": 51.3017696, "lon": 4.4423946}, "geometry": {"type": "MultiLineString", "coordinates": [[[4.4383398, 51.3001819], [4.4384859, 51.3002202], [4.4393554, 51.3004546], [4.4402219, 51.3007188], [4.4415885, 51.3012949], [4.4427951, 51.3019318], [4.4437944, 51.3024594], [4.4448158, 51.3028296], [4.4454252, 51.303114], [4.445941, 51.3034344], [4.4463178, 51.3036667]]]}}, {"type": "Feature", "properties": {"name": "Kastanjelaan", "street_id": "5442", "municipality": "Kapellen", "nis": "11023", "geometry_source": "osm_way", "length_m": 465.8, "osm_way_ids": [123384390, 123384391, 196504220, 196504221], "highway_types": ["residential"], "lat": 51.3225462, "lon": 4.4354358}, "geometry": {"type": "MultiLineString", "coordinates": [[[4.4333466, 51.3242155], [4.4340499, 51.3237253]], [[4.4341846, 51.3236375], [4.4349432, 51.3231612]], [[4.4350703, 51.3230854], [4.4358517, 51.3226009]], [[4.4355245, 51.3208407], [4.4360047, 51.3212674], [4.4363733, 51.3215946], [4.4366522, 51.3218293], [4.4368239, 51.3219902], [4.4363947, 51.322245], [4.4359682, 51.322524]]]}}, {"type": "Feature", "properties": {"name": "Kasteeldreef", "street_id": "5443", "municipality": "Kapellen", "nis": "11023", "geometry_source": "osm_way", "length_m": 1413.4, "osm_way_ids": [101371534, 169455937], "highway_types": ["residential"], "lat": 51.3256528, "lon": 4.430922}, "geometry": {"type": "MultiLineString", "coordinates": [[[4.4229297, 51.3217428], [4.4230312, 51.3217922], [4.4263185, 51.3233915], [4.4359047, 51.3281017], [4.4389173, 51.3295564]]]}}, {"type": "Feature", "properties": {"name": "Kauwenlaan", "street_id": "5444", "municipality": "Kapellen", "nis": "11023", "geometry_source": "osm_way", "length_m": 244.2, "osm_way_ids": [105622899], "highway_types": ["residential"], "lat": 51.3006389, "lon": 4.4500494}, "geometry": {"type": "MultiLineString", "coordinates": [[[4.4486878, 51.3008989], [4.4495153, 51.3003846], [4.449709, 51.3003277], [4.4499288, 51.3003499], [4.4514394, 51.301072]]]}}, {"type": "Feature", "properties": {"name": "Kazerneweg", "street_id": "5445", "municipality": "Kapellen", "nis": "11023", "geometry_source": "osm_way", "length_m": 505.0, "osm_way_ids": [164633320, 164633348, 196842760], "highway_types": ["footway", "residential"], "lat": 51.3111531, "lon": 4.45218}, "geometry": {"type": "MultiLineString", "coordinates": [[[4.4518959, 51.3122931], [4.4519429, 51.3122468], [4.4520834, 51.3121192], [4.452833, 51.3115732], [4.4534312, 51.3111375], [4.4534718, 51.3111079], [4.4534567, 51.3110344], [4.4525918, 51.3105277], [4.4525571, 51.3105074], [4.4525662, 51.3104459], [4.452306, 51.3103168], [4.4521934, 51.3103319], [4.45176, 51.3106456], [4.4515828, 51.3107738], [4.4514462, 51.31087], [4.4513433, 51.3109538], [4.4513507, 51.311003], [4.4503956, 51.3117261]]]}}, {"type": "Feature", "properties": {"name": "Kerkepad", "street_id": "225358", "municipality": "Kapellen", "nis": "11023", "geometry_source": "osm_way", "length_m": 178.7, "osm_way_ids": [163989971, 163989972, 1077388165], "highway_types": ["footway", "path"], "lat": 51.315469, "lon": 4.4275144}, "geometry": {"type": "MultiLineString", "coordinates": [[[4.4274205, 51.3148485], [4.4273863, 51.3149051], [4.4276489, 51.3151023], [4.4276663, 51.3151119], [4.4277032, 51.3151323], [4.4279111, 51.3152358], [4.4279166, 51.3152803], [4.4274257, 51.3157069], [4.4271312, 51.3159756], [4.4269849, 51.3161315]]]}}, {"type": "Feature", "properties": {"name": "Kerkplein", "street_id": "5446", "municipality": "Kapellen", "nis": "11023", "geometry_source": "osm_way", "length_m": 110.8, "osm_way_ids": [83285116, 83285118, 83285121], "highway_types": ["service"], "lat": 51.3166553, "lon": 4.4262926}, "geometry": {"type": "MultiLineString", "coordinates": [[[4.4259807, 51.3166935], [4.4261552, 51.3165234], [4.4261865, 51.3165], [4.426295, 51.3164522]], [[4.4261314, 51.3167911], [4.4263634, 51.3165758], [4.4264199, 51.3165356]], [[4.426603, 51.3165772], [4.4265885, 51.3166074], [4.4265548, 51.3166443], [4.4263108, 51.3168942]]]}}, {"type": "Feature", "properties": {"name": "Kerkstraat", "street_id": "5447", "municipality": "Kapellen", "nis": "11023", "geometry_source": "osm_way", "length_m": 505.1, "osm_way_ids": [83287379, 83287380, 101203598, 147455857, 147486487], "highway_types": ["residential"], "lat": 51.3152493, "lon": 4.4258662}, "geometry": {"type": "MultiLineString", "coordinates": [[[4.4247944, 51.3148022], [4.4246715, 51.3148267], [4.4244015, 51.3150836], [4.4243285, 51.3151533]], [[4.4279815, 51.3165986], [4.4279132, 51.3165691], [4.4269849, 51.3161315], [4.4268099, 51.3160504], [4.4267027, 51.3159823], [4.4248877, 51.3148738], [4.4247944, 51.3148022]], [[4.4247944, 51.3148022], [4.424836, 51.3147376], [4.4252441, 51.3141062], [4.4252513, 51.3140351], [4.4254434, 51.3136689], [4.4255135, 51.3135855], [4.4255317, 51.3135683], [4.42557, 51.313521]]]}}, {"type": "Feature", "properties": {"name": "Kievitlei", "street_id": "5448", "municipality": "Kapellen", "nis": "11023", "geometry_source": "osm_way", "length_m": 233.1, "osm_way_ids": [32269693], "highway_types": ["residential"], "lat": 51.3430303, "lon": 4.4804133}, "geometry": {"type": "MultiLineString", "coordinates": [[[4.4795136, 51.3421866], [4.4796525, 51.3422168], [4.4812738, 51.3439432]]]}}, {"type": "Feature", "properties": {"name": "Klaverlaan", "street_id": "182117", "municipality": "Kapellen", "nis": "11023", "geometry_source": "address_points", "length_m": null, "osm_way_ids": [], "highway_types": [], "lat": 51.3508485, "lon": 4.5178398}, "geometry": {"type": "MultiPoint", "coordinates": [[4.518047878351991, 51.35057581740554], [4.5181455299194235, 51.35081351430575], [4.51813589265193, 51.35116288705766], [4.517029938793834, 51.35084188489486]]}}, {"type": "Feature", "properties": {"name": "Klein Heiken", "street_id": "5449", "municipality": "Kapellen", "nis": "11023", "geometry_source": "osm_way", "length_m": 1199.3, "osm_way_ids": [23540933, 23540938, 28891502, 32347837, 147490974, 463972131, 914336068, 1357816323], "highway_types": ["service", "tertiary"], "lat": 51.3023804, "lon": 4.4287763}, "geometry": {"type": "MultiLineString", "coordinates": [[[4.4339138, 51.3061063], [4.4338533, 51.3060809], [4.4337845, 51.3060521], [4.4337196, 51.3060124], [4.4336421, 51.3058984], [4.4331466, 51.3052174], [4.4327098, 51.3046491], [4.4326567, 51.3045856], [4.4325743, 51.3045014], [4.4324456, 51.3044155], [4.4321934, 51.3042791], [4.4320801, 51.304215], [4.4320102, 51.3041691], [4.4314357, 51.3037947], [4.4313889, 51.3037646], [4.4312749, 51.3036893], [4.4311769, 51.3036249], [4.4311429, 51.3036002], [4.431061, 51.3035502], [4.4302207, 51.3030079], [4.4298858, 51.3028121], [4.4291409, 51.302407], [4.4290954, 51.302383], [4.4288438, 51.3022542], [4.4278609, 51.3017513], [4.4273706, 51.3015255], [4.4267299, 51.3012623], [4.4266196, 51.3012205], [4.4263277, 51.3011108], [4.4259358, 51.300937], [4.42504, 51.3005258], [4.4248905, 51.3004594], [4.4240779, 51.3000907], [4.4239117, 51.3000125], [4.4237658, 51.2999541], [4.4234814, 51.2998604], [4.422908, 51.2997106], [4.4228187, 51.2996865]], [[4.4288438, 51.3022542], [4.4302761, 51.3015801]]]}}, {"type": "Feature", "properties": {"name": "Klinkaardstraat", "street_id": "5450", "municipality": "Kapellen", "nis": "11023", "geometry_source": "osm_way", "length_m": 2799.5, "osm_way_ids": [23221010, 71033071, 135922414, 426531320, 1183668810], "highway_types": ["secondary"], "lat": 51.3536405, "lon": 4.4163598}, "geometry": {"type": "MultiLineString", "coordinates": [[[4.4319591, 51.3617565], [4.4314201, 51.3614492], [4.4312612, 51.3613572], [4.4308188, 51.3611012], [4.4269428, 51.3588802], [4.4260809, 51.3583679], [4.4259089, 51.3582664], [4.4256491, 51.3580894], [4.4254922, 51.3579779], [4.4253297, 51.3578428], [4.4251814, 51.3577071], [4.4249496, 51.3574882], [4.4240286, 51.3566397], [4.4236167, 51.3562574], [4.4233077, 51.3559718], [4.4229472, 51.3556397], [4.4220536, 51.3548097], [4.4213185, 51.3541287], [4.4211976, 51.3540213], [4.4210691, 51.353908], [4.4209603, 51.3538316], [4.4208453, 51.3537565], [4.4206943, 51.3536647], [4.4205995, 51.3536155], [4.4204017, 51.353517], [4.4201532, 51.3534094], [4.4198737, 51.3533137], [4.4196093, 51.3532408], [4.4190728, 51.3531077], [4.4158336, 51.3522936], [4.4157645, 51.3522763], [4.410924, 51.3510614], [4.4096815, 51.350749], [4.4074703, 51.3501923], [4.4063396, 51.3499081], [4.4060903, 51.3498454], [4.4048352, 51.3495299], [4.4035771, 51.3492132], [4.4026878, 51.3489895], [4.4013562, 51.3486552], [4.4000796, 51.3483301], [4.3998514, 51.3482626], [4.3997169, 51.3482236], [4.399538, 51.3481653]]]}}, {"type": "Feature", "properties": {"name": "Kloosterlaan", "street_id": "5451", "municipality": "Kapellen", "nis": "11023", "geometry_source": "osm_way", "length_m": 67.5, "osm_way_ids": [26003366], "highway_types": ["residential"], "lat": 51.353862, "lon": 4.4007443}, "geometry": {"type": "MultiLineString", "coordinates": [[[4.4012, 51.3539645], [4.4002885, 51.3537595]]]}}, {"type": "Feature", "properties": {"name": "Knotwilgstraat", "street_id": "5452", "municipality": "Kapellen", "nis": "11023", "geometry_source": "osm_way", "length_m": 139.3, "osm_way_ids": [101028330], "highway_types": ["residential"], "lat": 51.3075281, "lon": 4.423273}, "geometry": {"type": "MultiLineString", "coordinates": [[[4.423818, 51.307056], [4.4236004, 51.3073299], [4.423403, 51.3073369], [4.4232452, 51.3075004], [4.4228671, 51.3079014], [4.4227979, 51.3079784], [4.4227428, 51.3080472]]]}}, {"type": "Feature", "properties": {"name": "Koekoekdreef", "street_id": "5453", "municipality": "Kapellen", "nis": "11023", "geometry_source": "osm_way", "length_m": 219.8, "osm_way_ids": [121672340], "highway_types": ["residential"], "lat": 51.3524948, "lon": 4.487379}, "geometry": {"type": "MultiLineString", "coordinates": [[[4.4888146, 51.352904], [4.4859434, 51.3520856]]]}}, {"type": "Feature", "properties": {"name": "Koerspleindreef", "street_id": "5454", "municipality": "Kapellen", "nis": "11023", "geometry_source": "osm_way", "length_m": 391.8, "osm_way_ids": [147486488], "highway_types": ["residential"], "lat": 51.3198016, "lon": 4.4280867}, "geometry": {"type": "MultiLineString", "coordinates": [[[4.4260124, 51.3186163], [4.4261084, 51.3186629], [4.4297084, 51.3207349], [4.4301576, 51.3209934]]]}}, {"type": "Feature", "properties": {"name": "Kolibriedreef", "street_id": "5455", "municipality": "Kapellen", "nis": "11023", "geometry_source": "osm_way", "length_m": 803.1, "osm_way_ids": [23527003, 23538030, 121672341], "highway_types": ["residential"], "lat": 51.3518923, "lon": 4.4870152}, "geometry": {"type": "MultiLineString", "coordinates": [[[4.4865043, 51.3512598], [4.4829783, 51.3506177]], [[4.4875408, 51.3546027], [4.4888146, 51.352904], [4.4894084, 51.352112], [4.4894927, 51.3519984], [4.4894642, 51.3519195], [4.4867318, 51.3510997], [4.4866323, 51.351088]]]}}, {"type": "Feature", "properties": {"name": "Koning Albertlei", "street_id": "5456", "municipality": "Kapellen", "nis": "11023", "geometry_source": "osm_way", "length_m": 713.1, "osm_way_ids": [32264272, 32264427, 32264480], "highway_types": ["residential"], "lat": 51.3164821, "lon": 4.4352992}, "geometry": {"type": "MultiLineString", "coordinates": [[[4.4333034, 51.3137022], [4.4333629, 51.3137537], [4.4333871, 51.3137748], [4.4339503, 51.314283], [4.4343259, 51.3146143], [4.4345186, 51.3147979], [4.434608, 51.3148816], [4.4346559, 51.3149435], [4.4346393, 51.3150228], [4.4346592, 51.3150608], [4.435953, 51.317474], [4.4359793, 51.317523], [4.4362457, 51.3180066], [4.4362785, 51.3180468], [4.4363174, 51.3180777], [4.436386, 51.3181771], [4.4364072, 51.3182874], [4.4364137, 51.3184044], [4.4365551, 51.3195176], [4.4365682, 51.3196563]]]}}, {"type": "Feature", "properties": {"name": "Koningin Astridlaan", "street_id": "5457", "municipality": "Kapellen", "nis": "11023", "geometry_source": "osm_way", "length_m": 1533.2, "osm_way_ids": [32263878, 32263986, 429609486, 746000021, 746000024, 1181775794, 1362251746], "highway_types": ["residential", "service", "tertiary"], "lat": 51.3121143, "lon": 4.4410691}, "geometry": {"type": "MultiLineString", "coordinates": [[[4.4333034, 51.3137022], [4.4334506, 51.3136597], [4.4334901, 51.3136485], [4.433636, 51.3136072], [4.4337053, 51.3135943], [4.434763, 51.3135466], [4.4349207, 51.3135392], [4.4351648, 51.3135271], [4.4353422, 51.3135169], [4.4354809, 51.3135114], [4.4357997, 51.3134989], [4.4403317, 51.3132933], [4.4404405, 51.3132821], [4.4405117, 51.3132598], [4.4406688, 51.3131168], [4.4421153, 51.3117099], [4.4432034, 51.3106623], [4.4435183, 51.3103592], [4.4440677, 51.3098226], [4.4444739, 51.3094206], [4.4446637, 51.3091684], [4.4446965, 51.3091213]], [[4.4412, 51.3110759], [4.4421153, 51.3117099]], [[4.4432034, 51.3106623], [4.4448642, 51.3113564], [4.4449638, 51.3113795], [4.4450627, 51.311348], [4.44517, 51.3112985], [4.4453068, 51.3112642], [4.445449, 51.3112491], [4.4456233, 51.3112449], [4.445748, 51.3112575], [4.4463851, 51.3114863], [4.4465299, 51.3115383], [4.4466278, 51.3115903], [4.4466573, 51.3116674], [4.4466573, 51.3117194], [4.4466171, 51.3117722], [4.4465205, 51.31182], [4.4464494, 51.3118342], [4.4463797, 51.3118594], [4.4458191, 51.3123632]]]}}, {"type": "Feature", "properties": {"name": "Koningin Elisabethlei", "street_id": "5458", "municipality": "Kapellen", "nis": "11023", "geometry_source": "osm_way", "length_m": 465.2, "osm_way_ids": [32264458], "highway_types": ["residential"], "lat": 51.3162608, "lon": 4.4364318}, "geometry": {"type": "MultiLineString", "coordinates": [[[4.4363174, 51.3180777], [4.4364215, 51.3180404], [4.4364848, 51.3179871], [4.4366316, 51.3177383], [4.4366494, 51.3177109], [4.4374415, 51.3164919], [4.4374844, 51.31639], [4.4374673, 51.3163256], [4.4373986, 51.3162613], [4.4350285, 51.3150572], [4.434843, 51.3149644], [4.4347458, 51.3149456], [4.4346559, 51.3149435]]]}}, {"type": "Feature", "properties": {"name": "Koolkaai", "street_id": "180157", "municipality": "Kapellen", "nis": "11023", "geometry_source": "osm_way", "length_m": 466.6, "osm_way_ids": [32264146, 397827091, 1184131919], "highway_types": ["residential"], "lat": 51.3158339, "lon": 4.4332853}, "geometry": {"type": "MultiLineString", "coordinates": [[[4.4325847, 51.3174529], [4.4326737, 51.3174052], [4.4327299, 51.3173738], [4.4329913, 51.317224], [4.4330423, 51.3170787], [4.4329663, 51.3168487], [4.4329601, 51.3167727], [4.4329933, 51.316716], [4.43308, 51.3166049], [4.4331859, 51.3165258], [4.433246, 51.3164944], [4.4332908, 51.3164733], [4.4333465, 51.3164608], [4.4333895, 51.3164568], [4.4336945, 51.3164529], [4.4337873, 51.3164326], [4.4338674, 51.3163931], [4.4339128, 51.316347], [4.4339438, 51.3162892], [4.4339559, 51.3162376], [4.4339565, 51.3162], [4.4339341, 51.3161511], [4.4337088, 51.3157189], [4.4336572, 51.315625], [4.4336219, 51.3155612], [4.4335422, 51.3154172], [4.4332403, 51.3148714], [4.4329542, 51.3143532], [4.432901, 51.3142569], [4.4327939, 51.314063], [4.4327755, 51.314031], [4.4327282, 51.3139465], [4.4326983, 51.3138976]]]}}, {"type": "Feature", "properties": {"name": "Koolwitjeslaan", "street_id": "170365", "municipality": "Kapellen", "nis": "11023", "geometry_source": "osm_way", "length_m": 359.4, "osm_way_ids": [285774699], "highway_types": ["residential"], "lat": 51.3008726, "lon": 4.4296671}, "geometry": {"type": "MultiLineString", "coordinates": [[[4.4278609, 51.3017513], [4.4278946, 51.3017062], [4.4279388, 51.3016734], [4.4288292, 51.3009914], [4.4289918, 51.3009701], [4.4293238, 51.3011647], [4.4295138, 51.3010693], [4.4304268, 51.3005724], [4.4305364, 51.3005092], [4.4310372, 51.3002686]], [[4.4310372, 51.3002686], [4.4312091, 51.3001864], [4.4313174, 51.3002725], [4.4311812, 51.3003386], [4.4310372, 51.3002686]]]}}, {"type": "Feature", "properties": {"name": "Koraalstraat", "street_id": "172051", "municipality": "Kapellen", "nis": "11023", "geometry_source": "osm_way", "length_m": 199.6, "osm_way_ids": [147491000], "highway_types": ["residential"], "lat": 51.3021711, "lon": 4.4308841}, "geometry": {"type": "MultiLineString", "coordinates": [[[4.4298858, 51.3028121], [4.4299525, 51.3027707], [4.4315861, 51.3017203], [4.4318789, 51.3015249]]]}}, {"type": "Feature", "properties": {"name": "Korenbloemlaan", "street_id": "182118", "municipality": "Kapellen", "nis": "11023", "geometry_source": "osm_way", "length_m": 187.8, "osm_way_ids": [35043678], "highway_types": ["residential"], "lat": 51.3493593, "lon": 4.514225}, "geometry": {"type": "MultiLineString", "coordinates": [[[4.514284204075473, 51.34851623570068], [4.5141657, 51.3502023]]]}}, {"type": "Feature", "properties": {"name": "Korhoenlei", "street_id": "5459", "municipality": "Kapellen", "nis": "11023", "geometry_source": "osm_way", "length_m": 406.9, "osm_way_ids": [26391571], "highway_types": ["residential"], "lat": 51.3446886, "lon": 4.474383}, "geometry": {"type": "MultiLineString", "coordinates": [[[4.4729966, 51.343075], [4.4756936, 51.3462147], [4.4757835, 51.3462878]]]}}, {"type": "Feature", "properties": {"name": "Korte Dennenburgdreef", "street_id": "5460", "municipality": "Kapellen", "nis": "11023", "geometry_source": "osm_way", "length_m": 310.1, "osm_way_ids": [101371543], "highway_types": ["residential"], "lat": 51.3285916, "lon": 4.4206346}, "geometry": {"type": "MultiLineString", "coordinates": [[[4.4218924, 51.3274439], [4.4194409, 51.3296807], [4.4193816, 51.3297442]]]}}, {"type": "Feature", "properties": {"name": "Korte Franselei", "street_id": "5461", "municipality": "Kapellen", "nis": "11023", "geometry_source": "osm_way", "length_m": 89.8, "osm_way_ids": [23522978], "highway_types": ["residential"], "lat": 51.3508841, "lon": 4.4538534}, "geometry": {"type": "MultiLineString", "coordinates": [[[4.4543878, 51.3506588], [4.4533189, 51.3511095]]]}}, {"type": "Feature", "properties": {"name": "Korte Spelierlaan", "street_id": "5462", "municipality": "Kapellen", "nis": "11023", "geometry_source": "osm_way", "length_m": 413.1, "osm_way_ids": [32265112], "highway_types": ["residential"], "lat": 51.3262753, "lon": 4.4420091}, "geometry": {"type": "MultiLineString", "coordinates": [[[4.4407591, 51.3279357], [4.4414241, 51.3272949], [4.4415614, 51.3271608], [4.4416984, 51.3270197], [4.4417738, 51.3269485], [4.4417551, 51.3267816], [4.4417682, 51.326469], [4.4418542, 51.3261602], [4.4419302, 51.3259158], [4.4420415, 51.3257783], [4.4422101, 51.3256482], [4.4424761, 51.3254583], [4.4426371, 51.3253362], [4.4429433, 51.3251281], [4.4431065, 51.3250171], [4.4434399, 51.3247618]]]}}, {"type": "Feature", "properties": {"name": "Korte Vredestraat", "street_id": "5463", "municipality": "Kapellen", "nis": "11023", "geometry_source": "osm_way", "length_m": 129.4, "osm_way_ids": [101028351, 150655903, 150655907, 150655908, 150655910, 289101144, 289101145], "highway_types": ["primary", "tertiary_link"], "lat": 51.3143008, "lon": 4.4288071}, "geometry": {"type": "MultiLineString", "coordinates": [[[4.4283596, 51.3144814], [4.4284206, 51.3144925], [4.4284751, 51.314493], [4.4285185, 51.3144836], [4.4285662, 51.3144657], [4.4286141, 51.3144404]], [[4.4286568, 51.3146189], [4.4286043, 51.314553], [4.4285951, 51.3145204], [4.4285927, 51.3144804], [4.4286141, 51.3144404]], [[4.4286141, 51.3144404], [4.4288862, 51.3142192]], [[4.4288862, 51.3142192], [4.4289096, 51.3141725], [4.4289692, 51.3141186], [4.4290289, 51.3140757], [4.4290398, 51.314057], [4.4290368, 51.3140046], [4.4290538, 51.3139522]], [[4.4288862, 51.3142192], [4.4289404, 51.3142071], [4.4289928, 51.3141925], [4.4290365, 51.3141852], [4.4291194, 51.3141919], [4.4292219, 51.3142151]]]}}, {"type": "Feature", "properties": {"name": "Kraaienheuvel", "street_id": "5464", "municipality": "Kapellen", "nis": "11023", "geometry_source": "osm_way", "length_m": 323.0, "osm_way_ids": [105613149], "highway_types": ["residential"], "lat": 51.3072107, "lon": 4.4494826}, "geometry": {"type": "MultiLineString", "coordinates": [[[4.4512546, 51.3063853], [4.4485947, 51.3077972], [4.4477045, 51.3073447]]]}}, {"type": "Feature", "properties": {"name": "Krynlaan", "street_id": "5465", "municipality": "Kapellen", "nis": "11023", "geometry_source": "osm_way", "length_m": 524.8, "osm_way_ids": [35043671], "highway_types": ["residential"], "lat": 51.3502039, "lon": 4.5138457}, "geometry": {"type": "MultiLineString", "coordinates": [[[4.5176111, 51.3502553], [4.5141657, 51.3502023], [4.5100801, 51.3501635]]]}}, {"type": "Feature", "properties": {"name": "Kwartellaan", "street_id": "5466", "municipality": "Kapellen", "nis": "11023", "geometry_source": "osm_way", "length_m": 54.1, "osm_way_ids": [32239816], "highway_types": ["residential"], "lat": 51.2997115, "lon": 4.4471304}, "geometry": {"type": "MultiLineString", "coordinates": [[[4.4473722, 51.2995214], [4.4468885, 51.2999016]]]}}, {"type": "Feature", "properties": {"name": "Kwikstaartlaan", "street_id": "5467", "municipality": "Kapellen", "nis": "11023", "geometry_source": "osm_way", "length_m": 746.9, "osm_way_ids": [147491009, 150652579, 405025886, 846219093], "highway_types": ["residential", "track"], "lat": 51.3304215, "lon": 4.4412515}, "geometry": {"type": "MultiLineString", "coordinates": [[[4.4398696, 51.3315667], [4.4413381, 51.3298334], [4.4413951, 51.3297662], [4.4410987, 51.3292442], [4.440831, 51.3287495], [4.4407137, 51.3285327], [4.4404296, 51.3282146], [4.4403657, 51.3281235]], [[4.4415435, 51.3324345], [4.4423552, 51.3315352], [4.4414662, 51.3298355], [4.4414324, 51.3297881], [4.4413951, 51.3297662]]]}}, {"type": "Feature", "properties": {"name": "Larikslaan", "street_id": "5468", "municipality": "Kapellen", "nis": "11023", "geometry_source": "osm_way", "length_m": 172.6, "osm_way_ids": [30076953, 1550867463, 1550867464], "highway_types": ["residential"], "lat": 51.3483612, "lon": 4.4555112}, "geometry": {"type": "MultiLineString", "coordinates": [[[4.4548389, 51.3484893], [4.4547799, 51.3485372], [4.454734, 51.3485682], [4.4546933, 51.3485817], [4.4546551, 51.3485801], [4.4546195, 51.3485642], [4.4546093, 51.3485387], [4.4546373, 51.348507], [4.454687, 51.3485006], [4.4548389, 51.3484893]], [[4.4566492, 51.348246], [4.4558064, 51.3482635], [4.4556247, 51.348279], [4.4548389, 51.3484893]]]}}, {"type": "Feature", "properties": {"name": "Lavendellaan", "street_id": "5469", "municipality": "Kapellen", "nis": "11023", "geometry_source": "osm_way", "length_m": 105.1, "osm_way_ids": [182493458], "highway_types": ["residential"], "lat": 51.3599398, "lon": 4.4531432}, "geometry": {"type": "MultiLineString", "coordinates": [[[4.4527697, 51.3595301], [4.4533279, 51.3601409], [4.453513498773686, 51.36035227867146]]]}}, {"type": "Feature", "properties": {"name": "Leeuw van Vlaanderenlaan", "street_id": "5470", "municipality": "Kapellen", "nis": "11023", "geometry_source": "osm_way", "length_m": 685.9, "osm_way_ids": [23518717], "highway_types": ["residential"], "lat": 51.3124697, "lon": 4.4616811}, "geometry": {"type": "MultiLineString", "coordinates": [[[4.4648576, 51.3101099], [4.4585701, 51.3147812], [4.4584913, 51.3148019]]]}}, {"type": "Feature", "properties": {"name": "Leeuweriklaan", "street_id": "5471", "municipality": "Kapellen", "nis": "11023", "geometry_source": "osm_way", "length_m": 608.3, "osm_way_ids": [32239979], "highway_types": ["residential"], "lat": 51.3015694, "lon": 4.4449734}, "geometry": {"type": "MultiLineString", "coordinates": [[[4.4483275, 51.3022533], [4.4478027, 51.3025023], [4.4475085, 51.3026017], [4.4472649, 51.3026255], [4.4470227, 51.3026089], [4.4468052, 51.302552], [4.4459477, 51.3021841], [4.4447888, 51.3016962], [4.4432622, 51.3010319], [4.4427387, 51.3007207], [4.4425756, 51.3005812], [4.4425069, 51.300184], [4.4426013, 51.2998567], [4.4428846, 51.2995649]]]}}, {"type": "Feature", "properties": {"name": "Lentelaan", "street_id": "5472", "municipality": "Kapellen", "nis": "11023", "geometry_source": "osm_way", "length_m": 275.6, "osm_way_ids": [147455850], "highway_types": ["residential"], "lat": 51.3103349, "lon": 4.4355577}, "geometry": {"type": "MultiLineString", "coordinates": [[[4.4337243, 51.3098742], [4.4354285, 51.3102982], [4.4370801, 51.3107239], [4.43739, 51.3107998]]]}}, {"type": "Feature", "properties": {"name": "Leo Baekelandstraat", "street_id": "5473", "municipality": "Kapellen", "nis": "11023", "geometry_source": "osm_way", "length_m": 199.7, "osm_way_ids": [101039808], "highway_types": ["residential"], "lat": 51.2988333, "lon": 4.4350029}, "geometry": {"type": "MultiLineString", "coordinates": [[[4.4360832, 51.2994224], [4.4339226, 51.2982442]]]}}, {"type": "Feature", "properties": {"name": "Leopold Scheiperslaan", "street_id": "5474", "municipality": "Kapellen", "nis": "11023", "geometry_source": "osm_way", "length_m": 533.4, "osm_way_ids": [26003436, 543479354, 543479355, 1529418419, 1529418420], "highway_types": ["residential"], "lat": 51.3547513, "lon": 4.4011182}, "geometry": {"type": "MultiLineString", "coordinates": [[[4.3982584, 51.3540299], [4.3982357, 51.3539799], [4.3982179, 51.3539518], [4.3981869, 51.3539235], [4.3981416, 51.3539001], [4.3980893, 51.3538872], [4.3980453, 51.3538913], [4.3980178, 51.3539109], [4.3980044, 51.3539333], [4.3980051, 51.3539667], [4.3980504, 51.3539857], [4.398186, 51.3540154], [4.3982584, 51.3540299], [4.3998554, 51.3544293], [4.4007633, 51.3546646], [4.4022094, 51.355037], [4.4038456, 51.3554554]], [[4.4038456, 51.3554554], [4.4039142, 51.3554302], [4.4039639, 51.3554119], [4.4041983, 51.3554731], [4.4041428, 51.3555515], [4.4038943, 51.3554932], [4.4038456, 51.3554554]]]}}, {"type": "Feature", "properties": {"name": "Lepelstraat", "street_id": "5475", "municipality": "Kapellen", "nis": "11023", "geometry_source": "osm_way", "length_m": 49.4, "osm_way_ids": [427629825], "highway_types": ["living_street"], "lat": 51.3518525, "lon": 4.3972948}, "geometry": {"type": "MultiLineString", "coordinates": [[[4.3974146, 51.3520029], [4.3973654, 51.351992], [4.397318, 51.351984], [4.397248, 51.3519384], [4.3973036, 51.3516234]]]}}, {"type": "Feature", "properties": {"name": "Lieven Gevaertstraat", "street_id": "5476", "municipality": "Kapellen", "nis": "11023", "geometry_source": "osm_way", "length_m": 436.9, "osm_way_ids": [101039814], "highway_types": ["residential"], "lat": 51.2991897, "lon": 4.4359989}, "geometry": {"type": "MultiLineString", "coordinates": [[[4.4343734, 51.300776], [4.4358407, 51.2997251], [4.4360832, 51.2994224], [4.4370813, 51.2979895], [4.4363059, 51.297592]]]}}, {"type": "Feature", "properties": {"name": "Lievenshoeklaan", "street_id": "5477", "municipality": "Kapellen", "nis": "11023", "geometry_source": "osm_way", "length_m": 293.7, "osm_way_ids": [143771097, 143771099, 284958054], "highway_types": ["residential"], "lat": 51.3279462, "lon": 4.4472136}, "geometry": {"type": "MultiLineString", "coordinates": [[[4.4481218, 51.3291602], [4.4478375, 51.3288317], [4.4477512, 51.3285477], [4.4475961, 51.3280371], [4.4469523, 51.3275865], [4.4468249, 51.3274973], [4.4462424, 51.3270855], [4.4460341, 51.3269579]]]}}, {"type": "Feature", "properties": {"name": "Lijsterbeslaan", "street_id": "5478", "municipality": "Kapellen", "nis": "11023", "geometry_source": "osm_way", "length_m": 569.4, "osm_way_ids": [101371537], "highway_types": ["residential"], "lat": 51.3313607, "lon": 4.4343191}, "geometry": {"type": "MultiLineString", "coordinates": [[[4.4337519, 51.3299893], [4.4358973, 51.3308826], [4.4352357, 51.3315731], [4.4343694, 51.3323829], [4.4319607, 51.3315501]]]}}, {"type": "Feature", "properties": {"name": "Lijsterlaan", "street_id": "5479", "municipality": "Kapellen", "nis": "11023", "geometry_source": "osm_way", "length_m": 577.9, "osm_way_ids": [30046073, 152367375], "highway_types": ["path", "residential"], "lat": 51.3036931, "lon": 4.4420502}, "geometry": {"type": "MultiLineString", "coordinates": [[[4.4447888, 51.3016962], [4.4443253, 51.3020825], [4.4437944, 51.3024594], [4.4428427, 51.3031629], [4.4412538, 51.3043375], [4.4404984, 51.3048111], [4.4397376, 51.3052466], [4.4396896, 51.3052203], [4.4396277, 51.3052293], [4.4393494, 51.3053933], [4.4392531, 51.3053674], [4.4391844, 51.3053809]]]}}, {"type": "Feature", "properties": {"name": "Lindendreef", "street_id": "5480", "municipality": "Kapellen", "nis": "11023", "geometry_source": "osm_way", "length_m": 601.0, "osm_way_ids": [26003045], "highway_types": ["residential"], "lat": 51.3590697, "lon": 4.4169291}, "geometry": {"type": "MultiLineString", "coordinates": [[[4.4129542, 51.3580213], [4.4130003, 51.3580457], [4.4130507, 51.3580665], [4.415378, 51.3586623], [4.4186259, 51.3595127], [4.4209094, 51.3601051]]]}}, {"type": "Feature", "properties": {"name": "Lobelialaan", "street_id": "5481", "municipality": "Kapellen", "nis": "11023", "geometry_source": "osm_way", "length_m": 516.0, "osm_way_ids": [32263974], "highway_types": ["residential"], "lat": 51.3133435, "lon": 4.4432578}, "geometry": {"type": "MultiLineString", "coordinates": [[[4.4405117, 51.3132598], [4.44058, 51.3132987], [4.440656, 51.3133292], [4.4421829, 51.3139636], [4.4433896, 51.3128278], [4.4435047, 51.3127423], [4.4436758, 51.3127206], [4.4438531, 51.3127527], [4.4460589, 51.3136969]]]}}, {"type": "Feature", "properties": {"name": "Lode Baekelmanslaan", "street_id": "5482", "municipality": "Kapellen", "nis": "11023", "geometry_source": "osm_way", "length_m": 106.5, "osm_way_ids": [143771100], "highway_types": ["residential"], "lat": 51.3276502, "lon": 4.4478003}, "geometry": {"type": "MultiLineString", "coordinates": [[[4.4475011, 51.3273295], [4.448052, 51.3276179], [4.4475961, 51.3280371]]]}}, {"type": "Feature", "properties": {"name": "Lorkenlaan", "street_id": "5483", "municipality": "Kapellen", "nis": "11023", "geometry_source": "osm_way", "length_m": 437.6, "osm_way_ids": [123384392, 196504222], "highway_types": ["residential"], "lat": 51.3230233, "lon": 4.4364658}, "geometry": {"type": "MultiLineString", "coordinates": [[[4.434604, 51.3214197], [4.4350928, 51.3219111], [4.4355152, 51.322292], [4.4358416, 51.3225241]], [[4.4359665, 51.3226], [4.4365128, 51.3229557], [4.4369419, 51.3232239], [4.4374317, 51.3235739], [4.4375749, 51.3239279], [4.4377251, 51.3241692], [4.437886, 51.3243905], [4.4377144, 51.3246117], [4.4375627, 51.3246988]]]}}, {"type": "Feature", "properties": {"name": "Louis Palinckxlaan", "street_id": "5484", "municipality": "Kapellen", "nis": "11023", "geometry_source": "osm_way", "length_m": 300.4, "osm_way_ids": [26003466, 1529418417, 1529418418], "highway_types": ["residential"], "lat": 51.3543192, "lon": 4.4032093}, "geometry": {"type": "MultiLineString", "coordinates": [[[4.4012939, 51.3538353], [4.4043887, 51.3546116]], [[4.4043887, 51.3546116], [4.4044393, 51.3545939], [4.4047542, 51.3546691], [4.4046975, 51.3547524], [4.4044451, 51.3546973], [4.4044, 51.3546791], [4.4043716, 51.3546491], [4.4043887, 51.3546116]]]}}, {"type": "Feature", "properties": {"name": "Lucien Bevernagestraat", "street_id": "5485", "municipality": "Kapellen", "nis": "11023", "geometry_source": "osm_way", "length_m": 226.8, "osm_way_ids": [77396531], "highway_types": ["residential"], "lat": 51.3110971, "lon": 4.4316825}, "geometry": {"type": "MultiLineString", "coordinates": [[[4.4312606, 51.3100987], [4.43127, 51.3101196], [4.4312776, 51.3101474], [4.4313841, 51.3104511], [4.4317173, 51.3112253], [4.4320234, 51.3118271], [4.432109, 51.3119353], [4.4321236, 51.3119789], [4.4321947, 51.3120436]]]}}, {"type": "Feature", "properties": {"name": "Magnolialaan", "street_id": "5486", "municipality": "Kapellen", "nis": "11023", "geometry_source": "osm_way", "length_m": 601.7, "osm_way_ids": [101371532, 169455940], "highway_types": ["residential"], "lat": 51.3302576, "lon": 4.4281674}, "geometry": {"type": "MultiLineString", "coordinates": [[[4.4243709, 51.3289743], [4.4260936, 51.3295542], [4.4261519, 51.3295738], [4.4279064, 51.3301637], [4.4319607, 51.3315501]]]}}, {"type": "Feature", "properties": {"name": "Marcottedreef", "street_id": "5487", "municipality": "Kapellen", "nis": "11023", "geometry_source": "osm_way", "length_m": 1167.5, "osm_way_ids": [150635114, 162960195, 165848377, 284960505], "highway_types": ["residential"], "lat": 51.3469908, "lon": 4.4402847}, "geometry": {"type": "MultiLineString", "coordinates": [[[4.4472807, 51.3440984], [4.4472026, 51.3441313], [4.4443749, 51.3453157], [4.441738, 51.3464283], [4.4370417, 51.3482983], [4.4332802, 51.3498627]]]}}, {"type": "Feature", "properties": {"name": "Marie Goodlei", "street_id": "180149", "municipality": "Kapellen", "nis": "11023", "geometry_source": "osm_way", "length_m": 510.8, "osm_way_ids": [427646904], "highway_types": ["residential"], "lat": 51.3421812, "lon": 4.4521565}, "geometry": {"type": "MultiLineString", "coordinates": [[[4.4502811, 51.3429152], [4.4502368, 51.3429803], [4.4500123, 51.3431598], [4.4499548, 51.3431841], [4.4498865, 51.3431918], [4.4498, 51.3431838], [4.4497405, 51.3431592], [4.4497051, 51.3431178], [4.4496938, 51.3430677], [4.449739, 51.343002], [4.4498255, 51.3429646], [4.450197, 51.3429112], [4.4502811, 51.3429152]], [[4.4552319, 51.3411787], [4.4550134, 51.3412182], [4.4540541, 51.3413914], [4.4502811, 51.3429152]]]}}, {"type": "Feature", "properties": {"name": "Marktplein", "street_id": "170366", "municipality": "Kapellen", "nis": "11023", "geometry_source": "osm_way", "length_m": 575.9, "osm_way_ids": [285866724, 426364404, 426364405, 633864103, 1134017318, 1259204877, 1259204878, 1259204879, 1259204880, 1259204881, 1259204882, 1259204883], "highway_types": ["service"], "lat": 51.3114309, "lon": 4.4246992}, "geometry": {"type": "MultiLineString", "coordinates": [[[4.4250102, 51.3118746], [4.4249327, 51.3118453], [4.4236788, 51.3113707]], [[4.4240563, 51.3111656], [4.4239912, 51.3111417], [4.423921, 51.3111148]], [[4.4252665, 51.3116185], [4.4251407, 51.3115714], [4.4249325, 51.3114935], [4.4246702, 51.3113953], [4.4244534, 51.3113142], [4.4243091, 51.3112602], [4.4241736, 51.3112094], [4.4240563, 51.3111656]], [[4.4240563, 51.3111656], [4.4243597, 51.3108433]], [[4.4241736, 51.3112094], [4.4244062, 51.3109611]], [[4.4243091, 51.3112602], [4.4245392, 51.3110144]], [[4.4244534, 51.3113142], [4.4246961, 51.3110593]], [[4.4246702, 51.3113953], [4.4249065, 51.311147]], [[4.4249325, 51.3114935], [4.4252361, 51.3111763]], [[4.4254902, 51.312059], [4.4250102, 51.3118746]], [[4.4250102, 51.3118746], [4.4252374, 51.311642], [4.4252665, 51.3116185], [4.425391, 51.3114847], [4.4255672, 51.3113043]], [[4.4251407, 51.3115714], [4.4252653, 51.3114375], [4.4253817, 51.3113184]]]}}, {"type": "Feature", "properties": {"name": "Mastenlaan", "street_id": "5488", "municipality": "Kapellen", "nis": "11023", "geometry_source": "osm_way", "length_m": 563.9, "osm_way_ids": [35043669], "highway_types": ["residential"], "lat": 51.3519032, "lon": 4.5131178}, "geometry": {"type": "MultiLineString", "coordinates": [[[4.5090714, 51.351862], [4.5171642, 51.3519444]]]}}, {"type": "Feature", "properties": {"name": "Meidoornlaan", "street_id": "5489", "municipality": "Kapellen", "nis": "11023", "geometry_source": "osm_way", "length_m": 876.5, "osm_way_ids": [147486489, 147486490, 196504223], "highway_types": ["residential"], "lat": 51.3235034, "lon": 4.4354536}, "geometry": {"type": "MultiLineString", "coordinates": [[[4.4310755, 51.3207096], [4.431247, 51.3207553], [4.4333506, 51.3220697]], [[4.4334723, 51.3221565], [4.4349536, 51.3230829]], [[4.4350685, 51.3231616], [4.4375627, 51.3246988], [4.4381371, 51.3250714], [4.4383734, 51.325404], [4.4384427, 51.3255324], [4.4386906, 51.3259908], [4.4390953, 51.3267293], [4.4391048, 51.3267746], [4.4390285, 51.3268235]]]}}, {"type": "Feature", "properties": {"name": "Merellaan", "street_id": "5490", "municipality": "Kapellen", "nis": "11023", "geometry_source": "osm_way", "length_m": 641.9, "osm_way_ids": [30046035], "highway_types": ["residential"], "lat": 51.3001476, "lon": 4.4464656}, "geometry": {"type": "MultiLineString", "coordinates": [[[4.4428846, 51.2995649], [4.4432022, 51.2993668], [4.4435021, 51.2992588], [4.4439918, 51.2992224], [4.4446, 51.2992975], [4.4454887, 51.2994793], [4.4464895, 51.2997493], [4.4468885, 51.2999016], [4.4472915, 51.3000841], [4.4479894, 51.3004631], [4.448485, 51.300767], [4.4486878, 51.3008989], [4.4489182, 51.3010646], [4.4489679, 51.3011573], [4.4489748, 51.3012684], [4.4489099, 51.3014666], [4.4487916, 51.301729], [4.4486048, 51.3019485], [4.4483275, 51.3022533]]]}}, {"type": "Feature", "properties": {"name": "Merellei", "street_id": "5491", "municipality": "Kapellen", "nis": "11023", "geometry_source": "osm_way", "length_m": 310.5, "osm_way_ids": [23538617], "highway_types": ["residential"], "lat": 51.3511469, "lon": 4.4644182}, "geometry": {"type": "MultiLineString", "coordinates": [[[4.4651048, 51.3524741], [4.4637315, 51.3498196]]]}}, {"type": "Feature", "properties": {"name": "Mertensstraat", "street_id": "5492", "municipality": "Kapellen", "nis": "11023", "geometry_source": "osm_way", "length_m": 729.8, "osm_way_ids": [147486491, 1533969481], "highway_types": ["residential", "track"], "lat": 51.3308558, "lon": 4.407547}, "geometry": {"type": "MultiLineString", "coordinates": [[[4.4032348, 51.3289968], [4.4059213, 51.3301538], [4.4065675, 51.3304321], [4.4117686, 51.3326781], [4.4118583, 51.3327168]]]}}, {"type": "Feature", "properties": {"name": "Mezenlei", "street_id": "5493", "municipality": "Kapellen", "nis": "11023", "geometry_source": "osm_way", "length_m": 337.7, "osm_way_ids": [30053913], "highway_types": ["residential"], "lat": 51.3462457, "lon": 4.4798858}, "geometry": {"type": "MultiLineString", "coordinates": [[[4.4806574, 51.3477186], [4.4805986, 51.347658], [4.4796434, 51.3455993], [4.4795579, 51.3454943], [4.4789188, 51.3449166]]]}}, {"type": "Feature", "properties": {"name": "Middelbeeklaan", "street_id": "5494", "municipality": "Kapellen", "nis": "11023", "geometry_source": "osm_way", "length_m": 671.6, "osm_way_ids": [26003048, 543479360, 543479361], "highway_types": ["residential"], "lat": 51.3551587, "lon": 4.4143441}, "geometry": {"type": "MultiLineString", "coordinates": [[[4.4158336, 51.3522936], [4.4158011, 51.3523571], [4.4149222, 51.3539933], [4.4148116, 51.3542196], [4.4145855, 51.3546824], [4.414439, 51.3549821], [4.413719, 51.3562614], [4.4135493, 51.3565625], [4.4135603, 51.3566085], [4.4135793, 51.356652], [4.4135894, 51.3566892], [4.4136018, 51.3567345], [4.4129314, 51.3579738], [4.4129542, 51.3580213]]]}}, {"type": "Feature", "properties": {"name": "Middendreef", "street_id": "5495", "municipality": "Kapellen", "nis": "11023", "geometry_source": "osm_way", "length_m": 1169.1, "osm_way_ids": [31113852, 31113855, 150635116, 284960614], "highway_types": ["residential"], "lat": 51.3491718, "lon": 4.4426465}, "geometry": {"type": "MultiLineString", "coordinates": [[[4.4496629, 51.3462869], [4.4496051, 51.3463103], [4.4468176, 51.347462], [4.4454178, 51.3480267], [4.4441124, 51.3485915], [4.4393993, 51.3504982], [4.4356239, 51.3520415]]]}}, {"type": "Feature", "properties": {"name": "Mispelaarlaan", "street_id": "5496", "municipality": "Kapellen", "nis": "11023", "geometry_source": "osm_way", "length_m": 580.8, "osm_way_ids": [23539261, 162960194, 284961051], "highway_types": ["residential"], "lat": 51.3549561, "lon": 4.4438091}, "geometry": {"type": "MultiLineString", "coordinates": [[[4.4473174, 51.3535586], [4.4450032, 51.354451], [4.4425526, 51.3554655], [4.440316, 51.3563915]]]}}, {"type": "Feature", "properties": {"name": "Nachtegaallei", "street_id": "5497", "municipality": "Kapellen", "nis": "11023", "geometry_source": "osm_way", "length_m": 608.9, "osm_way_ids": [23538707, 23538761], "highway_types": ["residential"], "lat": 51.3512204, "lon": 4.4606878}, "geometry": {"type": "MultiLineString", "coordinates": [[[4.4594142, 51.3486081], [4.4606673, 51.351133], [4.4619267, 51.3538494]]]}}, {"type": "Feature", "properties": {"name": "Neerhoflaan", "street_id": "5498", "municipality": "Kapellen", "nis": "11023", "geometry_source": "osm_way", "length_m": 284.4, "osm_way_ids": [28898189], "highway_types": ["residential"], "lat": 51.3017252, "lon": 4.4253462}, "geometry": {"type": "MultiLineString", "coordinates": [[[4.4259358, 51.300937], [4.4258948, 51.3009796], [4.4256288, 51.3011974], [4.4251864, 51.3012911], [4.4246626, 51.3018668], [4.4255767, 51.3022906], [4.4261171, 51.3018401]]]}}, {"type": "Feature", "properties": {"name": "Nieuwe Wijk", "street_id": "5499", "municipality": "Kapellen", "nis": "11023", "geometry_source": "osm_way", "length_m": 249.5, "osm_way_ids": [147490981, 147490982], "highway_types": ["residential"], "lat": 51.3093154, "lon": 4.4222315}, "geometry": {"type": "MultiLineString", "coordinates": [[[4.4231504, 51.3096629], [4.4225762, 51.3094498], [4.4220965, 51.3092717], [4.4218828, 51.3091924]], [[4.4220965, 51.3092717], [4.4219956, 51.3093779], [4.4218992, 51.3094794], [4.4217994, 51.3094424], [4.4216855, 51.3094001], [4.4217819, 51.3092986], [4.4218828, 51.3091924], [4.4219903, 51.3090792], [4.4220967, 51.3089672], [4.4222107, 51.3090096], [4.4223104, 51.3090466], [4.422204, 51.3091586], [4.4220965, 51.3092717]]]}}, {"type": "Feature", "properties": {"name": "Nieuwelaan", "street_id": "5500", "municipality": "Kapellen", "nis": "11023", "geometry_source": "osm_way", "length_m": 528.7, "osm_way_ids": [32265545], "highway_types": ["residential"], "lat": 51.3284912, "lon": 4.443933}, "geometry": {"type": "MultiLineString", "coordinates": [[[4.4452037, 51.3308195], [4.4448083, 51.329478], [4.4444419, 51.3283257], [4.4444065, 51.3282129], [4.4443658, 51.3281341], [4.4443259, 51.3280954], [4.4442276, 51.3280326], [4.4439695, 51.3279159], [4.4435458, 51.3277284], [4.4433457, 51.3276392], [4.4429395, 51.3274601], [4.4417738, 51.3269485]]]}}, {"type": "Feature", "properties": {"name": "Oblatenlaan", "street_id": "5501", "municipality": "Kapellen", "nis": "11023", "geometry_source": "osm_way", "length_m": 252.9, "osm_way_ids": [23540806, 23540810], "highway_types": ["residential"], "lat": 51.3099335, "lon": 4.4190649}, "geometry": {"type": "MultiLineString", "coordinates": [[[4.4190978, 51.310996], [4.4191325, 51.3109423], [4.4191539, 51.3109075], [4.4191683, 51.3108859], [4.4195438, 51.3103012], [4.4195725, 51.310228], [4.419561, 51.3101818], [4.4195297, 51.3101315], [4.4194516, 51.3100355], [4.4191969, 51.3098062], [4.4187928, 51.3094012], [4.4186062, 51.3092991], [4.4183551, 51.309204], [4.4181598, 51.3091275]]]}}, {"type": "Feature", "properties": {"name": "Olmendreef", "street_id": "5502", "municipality": "Kapellen", "nis": "11023", "geometry_source": "osm_way", "length_m": 269.7, "osm_way_ids": [101028348, 1006566637], "highway_types": ["residential", "service"], "lat": 51.31517, "lon": 4.4323184}, "geometry": {"type": "MultiLineString", "coordinates": [[[4.4309252, 51.3144008], [4.43099, 51.3144522], [4.4315768, 51.3147571], [4.4333594, 51.3156832], [4.4334101, 51.3157243], [4.4334378, 51.3157783], [4.4332634, 51.3160799]]]}}, {"type": "Feature", "properties": {"name": "Oosthoevestraat", "street_id": "5503", "municipality": "Kapellen", "nis": "11023", "geometry_source": "osm_way", "length_m": 1012.2, "osm_way_ids": [843927903], "highway_types": ["residential"], "lat": 51.3567087, "lon": 4.4026221}, "geometry": {"type": "MultiLineString", "coordinates": [[[4.4075401, 51.3588488], [4.4080685, 51.3578395], [4.4080939, 51.3577555], [4.4080188, 51.3576927], [4.4071391, 51.3574596], [4.4058393, 51.3571723], [4.4017679, 51.3566503], [4.4013629, 51.356544], [4.4012104, 51.356507], [4.4010009, 51.3564537], [4.3990515, 51.3559577], [4.3988899, 51.3559166], [4.398674, 51.3558642], [4.3962782, 51.355283], [4.3961158, 51.3552433]]]}}, {"type": "Feature", "properties": {"name": "Oude Bergsebaan", "street_id": "5504", "municipality": "Kapellen", "nis": "11023", "geometry_source": "osm_way", "length_m": 654.6, "osm_way_ids": [32240290, 147490987, 196840533, 289101146, 389223639, 1185039805], "highway_types": ["residential"], "lat": 51.3074745, "lon": 4.4375007}, "geometry": {"type": "MultiLineString", "coordinates": [[[4.4341504, 51.3063796], [4.4340916, 51.3063559], [4.4340492, 51.3063538], [4.4340091, 51.3063516], [4.4339792, 51.3063539], [4.4338762, 51.3063817]], [[4.4340778, 51.3062319], [4.4341101, 51.3062975], [4.4341504, 51.3063796]], [[4.4341504, 51.3063796], [4.434208, 51.3064278], [4.4342932, 51.3064761], [4.434986, 51.3069325], [4.4353928, 51.3071622], [4.4354822, 51.3072094], [4.4369342, 51.3077833], [4.4370453, 51.3078244], [4.4371863, 51.3078738], [4.4382695, 51.3082912], [4.4383622, 51.3083293], [4.4384154, 51.3083318], [4.439516, 51.3076461], [4.439856, 51.3074343], [4.4400086, 51.3073224]], [[4.4403512, 51.3073515], [4.4413535, 51.3074462], [4.4414444, 51.3074548], [4.441573, 51.3074063]]]}}, {"type": "Feature", "properties": {"name": "Oude Ertbrandstraat", "street_id": "5505", "municipality": "Kapellen", "nis": "11023", "geometry_source": "osm_way", "length_m": 123.1, "osm_way_ids": [31113219, 116620402], "highway_types": ["residential"], "lat": 51.3447555, "lon": 4.4010097}, "geometry": {"type": "MultiLineString", "coordinates": [[[4.3993107, 51.3465639], [4.4001034, 51.3468919], [4.4002377, 51.3469193]], [[4.4025795, 51.3416412], [4.4032169, 51.3417816]]]}}, {"type": "Feature", "properties": {"name": "Oude Galgenstraat", "street_id": "5506", "municipality": "Kapellen", "nis": "11023", "geometry_source": "osm_way", "length_m": 3980.9, "osm_way_ids": [31113664, 31113745, 150635118, 162960192, 165848378, 165848379, 165848381, 1128426920, 1550424468, 1550425892], "highway_types": ["residential"], "lat": 51.3487826, "lon": 4.4263123}, "geometry": {"type": "MultiLineString", "coordinates": [[[4.4461386, 51.3617016], [4.4444287, 51.3601758], [4.4429335, 51.3588086], [4.440316, 51.3563915], [4.439038, 51.35518], [4.4380509, 51.3542473], [4.4356239, 51.3520415], [4.4332802, 51.3498627], [4.4319024, 51.3485999], [4.4314931, 51.3482249], [4.431381, 51.3481575], [4.4312708, 51.3481136], [4.4311522, 51.3480801], [4.430373, 51.3478776], [4.4300124, 51.3477862], [4.4298391, 51.3477326], [4.4297287, 51.3476912], [4.4296605, 51.3476468], [4.4295658, 51.3475881], [4.4295062, 51.3475189], [4.4289929, 51.3468449], [4.4287783, 51.3465632], [4.4286828, 51.3464429], [4.4286305, 51.3464031], [4.4285017, 51.3463334], [4.4283128, 51.3462735], [4.4280268, 51.3462334], [4.4279353, 51.3462315], [4.4258952, 51.3464818], [4.4254891, 51.346521], [4.4252831, 51.3465264], [4.4251372, 51.3465264], [4.4248781, 51.3464591], [4.4246712, 51.3464052], [4.4243503, 51.3463221], [4.4235831, 51.3461229], [4.4235263, 51.3461076], [4.4233852, 51.3460702], [4.4219823, 51.345707], [4.4212721, 51.3455232], [4.4206733, 51.3453728], [4.4202657, 51.3452735], [4.4189842, 51.3449485], [4.4175634, 51.3445984], [4.4140832, 51.3437162], [4.4104535, 51.342809], [4.4079524, 51.3421832], [4.4045913, 51.3413438], [4.4041631, 51.3412039], [4.403795, 51.3410631], [4.4036961, 51.3410281]]]}}, {"type": "Feature", "properties": {"name": "Oude Gracht", "street_id": "145568", "municipality": "Kapellen", "nis": "11023", "geometry_source": "osm_way", "length_m": 2259.0, "osm_way_ids": [32305677, 32305972, 185137115, 185137118, 185137120, 185141403, 429609488], "highway_types": ["path", "track", "unclassified"], "lat": 51.3232389, "lon": 4.4696196}, "geometry": {"type": "MultiLineString", "coordinates": [[[4.4597993, 51.3156102], [4.4597353, 51.3155325], [4.4594918, 51.3153297], [4.45947, 51.3153026], [4.4594675, 51.3152748], [4.459492, 51.3152222]], [[4.4597993, 51.3156102], [4.4598366, 51.315665], [4.4598964, 51.3157162], [4.4619621, 51.3173415], [4.4645566, 51.3194124], [4.4665473, 51.3209931], [4.4666399, 51.3210317]], [[4.4600506, 51.3153668], [4.4599398, 51.3154751], [4.4597993, 51.3156102]], [[4.466789, 51.3210609], [4.467034295806817, 51.32112118013976]], [[4.467462860160422, 51.32146594288734], [4.4676447, 51.3217382], [4.4681864, 51.3222903], [4.4683922, 51.3224519], [4.4697275, 51.3235001], [4.4704893, 51.3240737], [4.47321, 51.3261223], [4.4750196, 51.327434], [4.4775707, 51.3291263], [4.477791, 51.3292669], [4.4781656, 51.3294441], [4.4782035, 51.3295714], [4.4786105, 51.3298915], [4.4793729, 51.3304137], [4.4802087, 51.3309868]]]}}, {"type": "Feature", "properties": {"name": "Oude Heidestraat", "street_id": "5508", "municipality": "Kapellen", "nis": "11023", "geometry_source": "osm_way", "length_m": 620.7, "osm_way_ids": [143771094, 143771098, 284958055], "highway_types": ["path", "residential"], "lat": 51.327863, "lon": 4.4464163}, "geometry": {"type": "MultiLineString", "coordinates": [[[4.4458887, 51.3256563], [4.4448281, 51.3267164], [4.4464112, 51.3277515], [4.4469765, 51.328127], [4.447012, 51.3281737], [4.4471019, 51.3284699], [4.4471455, 51.3286137], [4.4472099, 51.3288751], [4.447737, 51.3295043], [4.447771, 51.3295879], [4.447988, 51.330121], [4.44803, 51.3302241], [4.4480598, 51.3302785], [4.4481074, 51.3303108], [4.4481537, 51.3303259], [4.4481953, 51.3303277]]]}}, {"type": "Feature", "properties": {"name": "Oude Kerkstraat", "street_id": "5509", "municipality": "Kapellen", "nis": "11023", "geometry_source": "osm_way", "length_m": 176.3, "osm_way_ids": [83285114, 83286410, 147486492, 147486493], "highway_types": ["residential"], "lat": 51.3164988, "lon": 4.4268533}, "geometry": {"type": "MultiLineString", "coordinates": [[[4.4267027, 51.3159823], [4.4264029, 51.3162679], [4.4262797, 51.3163853], [4.4262805, 51.3164214], [4.426295, 51.3164522], [4.4264199, 51.3165356], [4.426603, 51.3165772], [4.4271611, 51.3165826], [4.4272923, 51.3166328], [4.4276778, 51.3168253], [4.427728, 51.3168546]]]}}, {"type": "Feature", "properties": {"name": "Oude Weg", "street_id": "5510", "municipality": "Kapellen", "nis": "11023", "geometry_source": "osm_way", "length_m": 301.8, "osm_way_ids": [147490989], "highway_types": ["residential"], "lat": 51.3035406, "lon": 4.4340417}, "geometry": {"type": "MultiLineString", "coordinates": [[[4.4354452, 51.3025153], [4.4333617, 51.3040203], [4.4327689, 51.3045283], [4.4327234, 51.3045548], [4.4326567, 51.3045856]]]}}, {"type": "Feature", "properties": {"name": "Paasbloemlaan", "street_id": "5511", "municipality": "Kapellen", "nis": "11023", "geometry_source": "osm_way", "length_m": 475.0, "osm_way_ids": [26156167], "highway_types": ["residential"], "lat": 51.3599327, "lon": 4.4243288}, "geometry": {"type": "MultiLineString", "coordinates": [[[4.4260809, 51.3583679], [4.4251279, 51.3590082], [4.4242687, 51.3595936], [4.4235681, 51.3600682], [4.4235521, 51.3620212]]]}}, {"type": "Feature", "properties": {"name": "Palmstraat", "street_id": "5512", "municipality": "Kapellen", "nis": "11023", "geometry_source": "osm_way", "length_m": 744.7, "osm_way_ids": [23540876, 23540891], "highway_types": ["residential"], "lat": 51.3049281, "lon": 4.4207943}, "geometry": {"type": "MultiLineString", "coordinates": [[[4.4187638, 51.307937], [4.4188074, 51.3079166], [4.4188668, 51.3078886], [4.4191297, 51.3077646], [4.4192155, 51.3076842], [4.4212845, 51.3040676], [4.4225801, 51.301905], [4.4226993, 51.3017667]]]}}, {"type": "Feature", "properties": {"name": "Pannenhoefdreef", "street_id": "5513", "municipality": "Kapellen", "nis": "11023", "geometry_source": "osm_way", "length_m": 1640.3, "osm_way_ids": [26156113, 543479362], "highway_types": ["residential"], "lat": 51.3526419, "lon": 4.4095043}, "geometry": {"type": "MultiLineString", "coordinates": [[[4.4204379, 51.3553693], [4.4149222, 51.3539933], [4.4127587, 51.3534733], [4.4126194, 51.3534125], [4.4112292, 51.3530651], [4.4110732, 51.3530292], [4.4107492, 51.3529508], [4.4094407, 51.3526272], [4.4071921, 51.352071], [4.4070275, 51.3520303], [4.4059343, 51.3517589], [4.4057635, 51.3517157], [4.4049345, 51.3515079], [4.4044713, 51.3513916], [4.4043108, 51.3513486], [4.4031923, 51.3510639], [4.4024063, 51.3508649], [4.4020975, 51.3507887], [4.4019508, 51.3507496], [4.4008122, 51.3504629], [4.4006623, 51.3504227], [4.4005182, 51.3503879], [4.3992308, 51.3500736], [4.398694, 51.3499419], [4.3985705, 51.3499133]]]}}, {"type": "Feature", "properties": {"name": "Papenboslaan", "street_id": "5514", "municipality": "Kapellen", "nis": "11023", "geometry_source": "osm_way", "length_m": 244.7, "osm_way_ids": [147486494], "highway_types": ["residential"], "lat": 51.3216664, "lon": 4.4423773}, "geometry": {"type": "MultiLineString", "coordinates": [[[4.4436786, 51.3222106], [4.4435112, 51.3220875], [4.4421802, 51.3214463], [4.4418373, 51.3213198], [4.4417568, 51.3213012], [4.4416728, 51.3212928], [4.4416289, 51.3213119], [4.4415793, 51.3213465], [4.4411871, 51.3218376]]]}}, {"type": "Feature", "properties": {"name": "Pareindreef", "street_id": "5515", "municipality": "Kapellen", "nis": "11023", "geometry_source": "osm_way", "length_m": 277.0, "osm_way_ids": [196842093], "highway_types": ["residential"], "lat": 51.3121081, "lon": 4.434348}, "geometry": {"type": "MultiLineString", "coordinates": [[[4.4359206, 51.3128685], [4.4327754, 51.3113477]]]}}, {"type": "Feature", "properties": {"name": "Parifartdreef", "street_id": "5516", "municipality": "Kapellen", "nis": "11023", "geometry_source": "osm_way", "length_m": 475.5, "osm_way_ids": [23538219], "highway_types": ["track"], "lat": 51.3508679, "lon": 4.4782808}, "geometry": {"type": "MultiLineString", "coordinates": [[[4.479273, 51.3494258], [4.4793173, 51.3495369], [4.4793493, 51.3495959], [4.479342, 51.3496912], [4.4793033, 51.3497928], [4.4792337, 51.3498666], [4.4791265, 51.3499275], [4.4789935, 51.3500079], [4.4789003, 51.3500771], [4.4788249, 51.3501685], [4.4787495, 51.3502821], [4.4768348, 51.3527803]], [[4.479273, 51.3494258], [4.4792126, 51.3493696], [4.4791321, 51.3492984], [4.4791321, 51.3492591], [4.4791643, 51.3492281], [4.479222, 51.3492113], [4.4792998, 51.3492407], [4.4793186, 51.3492817], [4.4792958, 51.3493454], [4.479273, 51.3494258]]]}}, {"type": "Feature", "properties": {"name": "Parijseweg", "street_id": "5517", "municipality": "Kapellen", "nis": "11023", "geometry_source": "osm_way", "length_m": 1994.0, "osm_way_ids": [83283159, 83283162, 83283683, 164432324, 164831975, 285102016], "highway_types": ["residential", "unclassified"], "lat": 51.319787, "lon": 4.402481}, "geometry": {"type": "MultiLineString", "coordinates": [[[4.3919638, 51.33027], [4.3922651, 51.3299767], [4.3935647, 51.3286888], [4.3958953, 51.3263687], [4.3983378, 51.3239517], [4.3987578, 51.3235361]], [[4.4024819, 51.319805], [4.4035043, 51.3187901], [4.4040929, 51.3181846]], [[4.4057952, 51.3164887], [4.4064419, 51.3158449], [4.4077468, 51.3145269], [4.4090466, 51.3132101], [4.409313, 51.3129402], [4.4096626, 51.3125934]], [[4.4099376, 51.3123069], [4.4122686, 51.3099774], [4.412391, 51.3098564], [4.412422, 51.3097971], [4.4125045, 51.3097825], [4.4125879, 51.3097517], [4.4126611, 51.3096886], [4.4129493, 51.3094352]]]}}, {"type": "Feature", "properties": {"name": "Parkweg", "street_id": "5518", "municipality": "Kapellen", "nis": "11023", "geometry_source": "osm_way", "length_m": 39.0, "osm_way_ids": [31665878], "highway_types": ["residential"], "lat": 51.3175639, "lon": 4.4209849}, "geometry": {"type": "MultiLineString", "coordinates": [[[4.4207948, 51.3176922], [4.421175, 51.3174356]]]}}, {"type": "Feature", "properties": {"name": "Partizanenstraat", "street_id": "5519", "municipality": "Kapellen", "nis": "11023", "geometry_source": "osm_way", "length_m": 1229.3, "osm_way_ids": [26002793, 145248147, 426531321, 543479356], "highway_types": ["residential"], "lat": 51.3542311, "lon": 4.4055138}, "geometry": {"type": "MultiLineString", "coordinates": [[[4.3973083, 51.352202], [4.3974166, 51.3522294], [4.3983388, 51.3524594], [4.3994472, 51.3527428], [4.4016765, 51.3532822], [4.403127, 51.353636], [4.413719, 51.3562614]]]}}, {"type": "Feature", "properties": {"name": "Pastoor Vandenhoudtstraat", "street_id": "5520", "municipality": "Kapellen", "nis": "11023", "geometry_source": "osm_way", "length_m": 374.8, "osm_way_ids": [51275575, 147486495, 147486496, 147486512, 284956926], "highway_types": ["residential"], "lat": 51.3182331, "lon": 4.4309996}, "geometry": {"type": "MultiLineString", "coordinates": [[[4.4310714, 51.3184156], [4.4310181, 51.3184599], [4.4302792, 51.3190206], [4.4302152, 51.3190671], [4.4301609, 51.3191024], [4.4299516, 51.3192314], [4.4298905, 51.319255], [4.4298091, 51.3192506]], [[4.4310714, 51.3184156], [4.4309959, 51.3183775], [4.4308051, 51.3182536], [4.4307974, 51.3181815], [4.4309117, 51.3180742], [4.4310756, 51.3179396]], [[4.4310756, 51.3179396], [4.4310822, 51.3180191], [4.4311199, 51.3180737], [4.4312585, 51.3181745], [4.431265, 51.3182198], [4.4312151, 51.3182822], [4.4310714, 51.3184156]], [[4.4321076, 51.3171211], [4.4320573, 51.3171604], [4.4320164, 51.3171947], [4.4315632, 51.3175607], [4.4314248, 51.3176773], [4.4310756, 51.3179396]]]}}, {"type": "Feature", "properties": {"name": "Patrijsstraat", "street_id": "154763", "municipality": "Kapellen", "nis": "11023", "geometry_source": "osm_way", "length_m": 138.2, "osm_way_ids": [285735358], "highway_types": ["residential"], "lat": 51.3014828, "lon": 4.4241852}, "geometry": {"type": "MultiLineString", "coordinates": [[[4.4246626, 51.3018668], [4.4238958, 51.3015372], [4.4242557, 51.3009178]]]}}, {"type": "Feature", "properties": {"name": "Patrijzendreef", "street_id": "5521", "municipality": "Kapellen", "nis": "11023", "geometry_source": "osm_way", "length_m": 262.4, "osm_way_ids": [121672342], "highway_types": ["residential"], "lat": 51.3519553, "lon": 4.4839917}, "geometry": {"type": "MultiLineString", "coordinates": [[[4.485799, 51.3522871], [4.4821844, 51.3516235]]]}}, {"type": "Feature", "properties": {"name": "Peedreef", "street_id": "5522", "municipality": "Kapellen", "nis": "11023", "geometry_source": "osm_way", "length_m": 750.8, "osm_way_ids": [25550128, 28933513, 101032551], "highway_types": ["cycleway", "residential"], "lat": 51.3057195, "lon": 4.4218485}, "geometry": {"type": "MultiLineString", "coordinates": [[[4.4239787, 51.3025951], [4.4236242, 51.3030723], [4.4232287, 51.303659], [4.4227518, 51.3044003], [4.4220973, 51.3053637], [4.4214046, 51.3063728], [4.420981, 51.3070251], [4.4207578, 51.3073563], [4.4201203, 51.3082771], [4.4199427, 51.3085255], [4.4198325, 51.3086596], [4.4197257, 51.3087043], [4.4196961, 51.3087155], [4.4196302, 51.3087392]]]}}, {"type": "Feature", "properties": {"name": "Pelgrimsstraat", "street_id": "5523", "municipality": "Kapellen", "nis": "11023", "geometry_source": "osm_way", "length_m": 217.1, "osm_way_ids": [195750285], "highway_types": ["residential"], "lat": 51.3325747, "lon": 4.4101572}, "geometry": {"type": "MultiLineString", "coordinates": [[[4.4088741, 51.3320216], [4.4113504, 51.333089], [4.4114402, 51.333128]]]}}, {"type": "Feature", "properties": {"name": "Petrus Stokmanslaan", "street_id": "5524", "municipality": "Kapellen", "nis": "11023", "geometry_source": "osm_way", "length_m": 118.4, "osm_way_ids": [143771104, 284958057], "highway_types": ["residential"], "lat": 51.3266672, "lon": 4.4467726}, "geometry": {"type": "MultiLineString", "coordinates": [[[4.4462424, 51.3270855], [4.4465623, 51.326824], [4.4471525, 51.3263759], [4.4473091, 51.326257]]]}}, {"type": "Feature", "properties": {"name": "Petunialaan", "street_id": "5525", "municipality": "Kapellen", "nis": "11023", "geometry_source": "osm_way", "length_m": 426.3, "osm_way_ids": [101050563, 101050572, 101050575, 101050576], "highway_types": ["residential"], "lat": 51.3135069, "lon": 4.446654}, "geometry": {"type": "MultiLineString", "coordinates": [[[4.4463048, 51.3138421], [4.4454903, 51.314391], [4.4454688, 51.3142993], [4.4460589, 51.3136969], [4.4463048, 51.3138421]], [[4.4482902, 51.3121954], [4.4469338, 51.3134423], [4.4463048, 51.3138421]]]}}, {"type": "Feature", "properties": {"name": "Philippe Spethstraat", "street_id": "5526", "municipality": "Kapellen", "nis": "11023", "geometry_source": "osm_way", "length_m": 1425.9, "osm_way_ids": [101204380, 147486497], "highway_types": ["residential"], "lat": 51.3238612, "lon": 4.4327098}, "geometry": {"type": "MultiLineString", "coordinates": [[[4.4250285, 51.3196469], [4.4251306, 51.3196868], [4.4251598, 51.3197008], [4.4255563, 51.3199027], [4.4285443, 51.3215485], [4.4316656, 51.3232972], [4.4333466, 51.3242155], [4.4370983, 51.3262714], [4.4403657, 51.3281235]]]}}, {"type": "Feature", "properties": {"name": "Pieter De Smetdreef", "street_id": "5527", "municipality": "Kapellen", "nis": "11023", "geometry_source": "osm_way", "length_m": 70.0, "osm_way_ids": [369354350], "highway_types": ["residential"], "lat": 51.3092975, "lon": 4.4278151}, "geometry": {"type": "MultiLineString", "coordinates": [[[4.4282571, 51.3094453], [4.4281706, 51.3094199], [4.4273743, 51.3091461]]]}}, {"type": "Feature", "properties": {"name": "Pioenlaan", "street_id": "5528", "municipality": "Kapellen", "nis": "11023", "geometry_source": "osm_way", "length_m": 79.5, "osm_way_ids": [196501082], "highway_types": ["residential"], "lat": 51.3311725, "lon": 4.4386292}, "geometry": {"type": "MultiLineString", "coordinates": [[[4.4381506, 51.3309783], [4.4391079, 51.3313668]]]}}, {"type": "Feature", "properties": {"name": "Platanendreef", "street_id": "5529", "municipality": "Kapellen", "nis": "11023", "geometry_source": "osm_way", "length_m": 662.6, "osm_way_ids": [28941570, 1328320734], "highway_types": ["residential"], "lat": 51.3091467, "lon": 4.4257083}, "geometry": {"type": "MultiLineString", "coordinates": [[[4.423334, 51.3117301], [4.4233777, 51.3116845], [4.4234032, 51.3116545], [4.4236788, 51.3113707], [4.423921, 51.3111148], [4.4242095, 51.3107862], [4.4250074, 51.3098882], [4.4268206, 51.3079343], [4.4272153, 51.3075096], [4.4280981, 51.3065773]]]}}, {"type": "Feature", "properties": {"name": "Ploeglei", "street_id": "5530", "municipality": "Kapellen", "nis": "11023", "geometry_source": "osm_way", "length_m": 349.3, "osm_way_ids": [26002901, 145248139, 543479357], "highway_types": ["residential"], "lat": 51.3529535, "lon": 4.4035961}, "geometry": {"type": "MultiLineString", "coordinates": [[[4.4013196, 51.3524147], [4.4035218, 51.3529445], [4.4049586, 51.353289], [4.4054373, 51.3533968], [4.4054679, 51.3533667], [4.4054655, 51.3533358], [4.404997, 51.3532251]]]}}, {"type": "Feature", "properties": {"name": "Poeldreef", "street_id": "5531", "municipality": "Kapellen", "nis": "11023", "geometry_source": "osm_way", "length_m": 722.1, "osm_way_ids": [74934212, 1033848449], "highway_types": ["residential"], "lat": 51.3077317, "lon": 4.4511591}, "geometry": {"type": "MultiLineString", "coordinates": [[[4.4546127, 51.3053121], [4.4522534, 51.3069673], [4.4477541, 51.3101141], [4.4477012, 51.3101447]]]}}, {"type": "Feature", "properties": {"name": "Polberglei", "street_id": "5532", "municipality": "Kapellen", "nis": "11023", "geometry_source": "osm_way", "length_m": 600.5, "osm_way_ids": [26391574], "highway_types": ["residential"], "lat": 51.3492031, "lon": 4.4655171}, "geometry": {"type": "MultiLineString", "coordinates": [[[4.4643263, 51.3466034], [4.4654519, 51.3491236], [4.4656835, 51.3495965], [4.4658052, 51.349845], [4.4658343, 51.3499043], [4.4667536, 51.3517815]]]}}, {"type": "Feature", "properties": {"name": "Polodreef", "street_id": "5533", "municipality": "Kapellen", "nis": "11023", "geometry_source": "osm_way", "length_m": 854.0, "osm_way_ids": [426750760, 426750761], "highway_types": ["track", "unclassified"], "lat": 51.3192076, "lon": 4.4574004}, "geometry": {"type": "MultiLineString", "coordinates": [[[4.4571898, 51.3157283], [4.4572013, 51.3158681], [4.4572282, 51.3159112], [4.4572671, 51.3159448], [4.4573112, 51.3159762], [4.4574783, 51.3160731], [4.4576401, 51.3161616], [4.4578314, 51.3162502], [4.4580057, 51.316347], [4.4581278, 51.3164261], [4.4582324, 51.3164989], [4.4583317, 51.3165791], [4.4584519, 51.316681], [4.4585077, 51.3167443], [4.4585473, 51.3167971], [4.4585801, 51.316855], [4.458631, 51.3169687], [4.4586696, 51.3170793], [4.4586975, 51.3171925], [4.4587163, 51.3173004], [4.4587116, 51.3173862], [4.4586962, 51.3174635], [4.4586741, 51.31754], [4.4586182, 51.317669], [4.4584905, 51.3179634], [4.4584226, 51.318135], [4.4581018, 51.3188553], [4.4578222, 51.3194825], [4.4575121, 51.3201979], [4.4573395, 51.3205927], [4.4571515, 51.3210156], [4.4571261, 51.3210553], [4.4569868, 51.3212345], [4.4569374, 51.3212817], [4.4568523, 51.3213629], [4.4567505, 51.3214506], [4.4566567, 51.3215189], [4.4565326, 51.3216009], [4.4564567, 51.3216377], [4.4563787, 51.3216739], [4.4563031, 51.3217035], [4.4562138, 51.3217338], [4.4561225, 51.3217604], [4.4560069, 51.3217842], [4.4559113, 51.3218007], [4.455811, 51.3218152], [4.4556236, 51.3218347], [4.4554767, 51.3218377], [4.455252, 51.3218281], [4.4551053, 51.3218105], [4.4549834, 51.3218015], [4.4548562, 51.3218009], [4.4547948, 51.3218055], [4.4547645, 51.3218114], [4.4547267, 51.3218316]]]}}, {"type": "Feature", "properties": {"name": "Populierenlaan", "street_id": "5534", "municipality": "Kapellen", "nis": "11023", "geometry_source": "osm_way", "length_m": 759.4, "osm_way_ids": [31113780, 31113846, 162960191], "highway_types": ["residential"], "lat": 51.3498751, "lon": 4.4387397}, "geometry": {"type": "MultiLineString", "coordinates": [[[4.4417969, 51.3526965], [4.4393993, 51.3504982], [4.4370417, 51.3482983], [4.4356944, 51.347041]]]}}, {"type": "Feature", "properties": {"name": "Prins Albertlei", "street_id": "5535", "municipality": "Kapellen", "nis": "11023", "geometry_source": "osm_way", "length_m": 424.8, "osm_way_ids": [1128426916], "highway_types": ["residential"], "lat": 51.3562455, "lon": 4.4640865}, "geometry": {"type": "MultiLineString", "coordinates": [[[4.4667317, 51.3553058], [4.4615214, 51.3571563], [4.461455, 51.3572098]]]}}, {"type": "Feature", "properties": {"name": "Prinsendreef", "street_id": "5536", "municipality": "Kapellen", "nis": "11023", "geometry_source": "osm_way", "length_m": 636.2, "osm_way_ids": [32264382], "highway_types": ["residential"], "lat": 51.3153539, "lon": 4.4388337}, "geometry": {"type": "MultiLineString", "coordinates": [[[4.4423726, 51.3171388], [4.4384629, 51.3151722], [4.4354113, 51.3136181], [4.4353681, 51.313581], [4.4353542, 51.313555], [4.4353422, 51.3135169]]]}}, {"type": "Feature", "properties": {"name": "Prinses Elisabethlei", "street_id": "5537", "municipality": "Kapellen", "nis": "11023", "geometry_source": "address_points", "length_m": null, "osm_way_ids": [], "highway_types": [], "lat": 51.357865, "lon": 4.4589473}, "geometry": {"type": "MultiPoint", "coordinates": [[4.459016875679337, 51.35793684374966], [4.4600373586609665, 51.35740460301219], [4.459288300211655, 51.3573324696133], [4.457839573283149, 51.358303637599846], [4.459386446660834, 51.35774862305501], [4.45821224504187, 51.35815586372683], [4.4591517560809475, 51.357832390885626], [4.458692332821811, 51.35810184013217], [4.458900802184208, 51.35796874982845]]}}, {"type": "Feature", "properties": {"name": "Puihoek", "street_id": "5538", "municipality": "Kapellen", "nis": "11023", "geometry_source": "osm_way", "length_m": 26.4, "osm_way_ids": [23540967], "highway_types": ["residential"], "lat": 51.2995747, "lon": 4.4228784}, "geometry": {"type": "MultiLineString", "coordinates": [[[4.4228187, 51.2996865], [4.4228435, 51.2996465], [4.4229349, 51.2994612]]]}}, {"type": "Feature", "properties": {"name": "Raymond Geelhanddreef", "street_id": "5539", "municipality": "Kapellen", "nis": "11023", "geometry_source": "osm_way", "length_m": 284.3, "osm_way_ids": [101371530], "highway_types": ["residential"], "lat": 51.3250277, "lon": 4.422022}, "geometry": {"type": "MultiLineString", "coordinates": [[[4.4203458, 51.3243018], [4.422318, 51.3251539], [4.4236965, 51.3257578]]]}}, {"type": "Feature", "properties": {"name": "Reeboklaan", "street_id": "5540", "municipality": "Kapellen", "nis": "11023", "geometry_source": "osm_way", "length_m": 571.8, "osm_way_ids": [136843938, 147490991, 147490997, 147491002, 147491013, 147491015], "highway_types": ["residential", "service"], "lat": 51.3303651, "lon": 4.4397501}, "geometry": {"type": "MultiLineString", "coordinates": [[[4.4384474, 51.331979], [4.4391079, 51.3313668], [4.4398054, 51.3306494]], [[4.4392544, 51.330343], [4.4393197, 51.3302766], [4.4394827, 51.330207], [4.4396474, 51.3301315]], [[4.4396474, 51.3301315], [4.4397367, 51.3301523], [4.4399128, 51.3302107], [4.4400218, 51.3302602], [4.4400813, 51.3302881], [4.4400937, 51.3303237], [4.4400946, 51.3303603], [4.4400653, 51.330404], [4.4399475, 51.3305141], [4.4398054, 51.3306494]], [[4.4398054, 51.3306494], [4.4398611, 51.3304773], [4.439826, 51.3303492], [4.4397121, 51.3302079], [4.4396474, 51.3301315]], [[4.440831, 51.3287495], [4.4396292, 51.330014], [4.4396165, 51.3300542], [4.4396215, 51.3300971], [4.4396474, 51.3301315]], [[4.4400813, 51.3302881], [4.440569, 51.330472]]]}}, {"type": "Feature", "properties": {"name": "Reigerslei", "street_id": "5541", "municipality": "Kapellen", "nis": "11023", "geometry_source": "osm_way", "length_m": 429.9, "osm_way_ids": [30054186], "highway_types": ["residential"], "lat": 51.3459611, "lon": 4.4819555}, "geometry": {"type": "MultiLineString", "coordinates": [[[4.4806574, 51.3477186], [4.4807433, 51.3475764], [4.4815157, 51.3465426], [4.4824835, 51.3452532], [4.4830231, 51.3445466], [4.4832783, 51.3442212]]]}}, {"type": "Feature", "properties": {"name": "René De Pauwstraat", "street_id": "5542", "municipality": "Kapellen", "nis": "11023", "geometry_source": "osm_way", "length_m": 516.7, "osm_way_ids": [147455851], "highway_types": ["residential"], "lat": 51.3141219, "lon": 4.4203544}, "geometry": {"type": "MultiLineString", "coordinates": [[[4.4223432, 51.3121652], [4.4222956, 51.3122069], [4.4220814, 51.3124223], [4.421927, 51.3125573], [4.4201595, 51.3143168], [4.4184418, 51.3160166], [4.4183714, 51.316085]]]}}, {"type": "Feature", "properties": {"name": "Rijflaan", "street_id": "5543", "municipality": "Kapellen", "nis": "11023", "geometry_source": "osm_way", "length_m": 116.3, "osm_way_ids": [26003009], "highway_types": ["residential"], "lat": 51.3518776, "lon": 4.4041664}, "geometry": {"type": "MultiLineString", "coordinates": [[[4.4044713, 51.3513916], [4.4044138, 51.3514813], [4.4039292, 51.3522569], [4.4038634, 51.3523648]]]}}, {"type": "Feature", "properties": {"name": "Rode-Kruislaan", "street_id": "5544", "municipality": "Kapellen", "nis": "11023", "geometry_source": "osm_way", "length_m": 154.5, "osm_way_ids": [101028396], "highway_types": ["residential"], "lat": 51.320085, "lon": 4.4349313}, "geometry": {"type": "MultiLineString", "coordinates": [[[4.4357304, 51.3196052], [4.4356313, 51.3196611], [4.4341338, 51.3205677]]]}}, {"type": "Feature", "properties": {"name": "Rododendronlaan", "street_id": "5545", "municipality": "Kapellen", "nis": "11023", "geometry_source": "osm_way", "length_m": 206.6, "osm_way_ids": [185137123], "highway_types": ["residential"], "lat": 51.3125906, "lon": 4.449802}, "geometry": {"type": "MultiLineString", "coordinates": [[[4.4506276, 51.3118122], [4.4495071, 51.3128544], [4.4491789, 51.3132272], [4.4490733, 51.3132948], [4.4489605, 51.3133327]]]}}, {"type": "Feature", "properties": {"name": "Roerdomplei", "street_id": "5546", "municipality": "Kapellen", "nis": "11023", "geometry_source": "osm_way", "length_m": 1234.4, "osm_way_ids": [30054253, 32268763], "highway_types": ["residential"], "lat": 51.3441136, "lon": 4.4778249}, "geometry": {"type": "MultiLineString", "coordinates": [[[4.4737735, 51.3490986], [4.4748819, 51.3474831], [4.4752115, 51.3470088], [4.4753328, 51.3468388], [4.4755218, 51.3465911], [4.4757835, 51.3462878], [4.4759778, 51.346086], [4.4764391, 51.345564], [4.4795136, 51.3421866], [4.4817772, 51.3396982], [4.4821261, 51.3393284]]]}}, {"type": "Feature", "properties": {"name": "Romapad", "street_id": "178710", "municipality": "Kapellen", "nis": "11023", "geometry_source": "osm_way", "length_m": 92.4, "osm_way_ids": [101042967], "highway_types": ["footway"], "lat": 51.3067319, "lon": 4.4328993}, "geometry": {"type": "MultiLineString", "coordinates": [[[4.4335019, 51.306905], [4.4333294, 51.3068524], [4.4324175, 51.3065962], [4.4322958, 51.3065619]]]}}, {"type": "Feature", "properties": {"name": "Roodborstjeslaan", "street_id": "5547", "municipality": "Kapellen", "nis": "11023", "geometry_source": "osm_way", "length_m": 248.3, "osm_way_ids": [30046119], "highway_types": ["residential"], "lat": 51.3035145, "lon": 4.4480835}, "geometry": {"type": "MultiLineString", "coordinates": [[[4.4470227, 51.3026089], [4.4470591, 51.3027909], [4.4479387, 51.3034861], [4.4493058, 51.3042697]]]}}, {"type": "Feature", "properties": {"name": "Rozenlaan", "street_id": "5548", "municipality": "Kapellen", "nis": "11023", "geometry_source": "osm_way", "length_m": 1132.2, "osm_way_ids": [23539141, 23539205, 30054414, 31114001, 143200695], "highway_types": ["residential"], "lat": 51.3514433, "lon": 4.4448274}, "geometry": {"type": "MultiLineString", "coordinates": [[[4.4515997, 51.3486293], [4.4492433, 51.3495998], [4.4464709, 51.3507631], [4.4449775, 51.3514063], [4.4417969, 51.3526965], [4.4380509, 51.3542473]]]}}, {"type": "Feature", "properties": {"name": "Rubensheide", "street_id": "5549", "municipality": "Kapellen", "nis": "11023", "geometry_source": "osm_way", "length_m": 794.3, "osm_way_ids": [32264267, 77396534, 101042220], "highway_types": ["residential"], "lat": 51.310502, "lon": 4.4335398}, "geometry": {"type": "MultiLineString", "coordinates": [[[4.4333034, 51.3137022], [4.4332702, 51.3136622], [4.4332264, 51.3136235], [4.4331732, 51.3135825], [4.4330642, 51.3135306], [4.4329378, 51.3134371], [4.4328697, 51.3133572], [4.4325552, 51.3127473], [4.4323839, 51.312438], [4.4322116, 51.3121311], [4.4321926, 51.3120911], [4.4321947, 51.3120436], [4.4322507, 51.3120248], [4.432389, 51.3119791], [4.4324475, 51.3119219], [4.4327754, 51.3113477], [4.4337243, 51.3098742], [4.4353512, 51.30721], [4.4353928, 51.3071622]]]}}, {"type": "Feature", "properties": {"name": "Ruyseveltslei", "street_id": "5550", "municipality": "Kapellen", "nis": "11023", "geometry_source": "osm_way", "length_m": 610.1, "osm_way_ids": [147490992], "highway_types": ["residential"], "lat": 51.3109638, "lon": 4.437156}, "geometry": {"type": "MultiLineString", "coordinates": [[[4.4384154, 51.3083318], [4.4383088, 51.3084157], [4.4376238, 51.3101897], [4.437448, 51.3106439], [4.43739, 51.3107998], [4.4371171, 51.3114377], [4.4370052, 51.3116711], [4.4368665, 51.3118782], [4.4365746, 51.3121733], [4.436084, 51.3126225], [4.435967, 51.3127752], [4.4359206, 51.3128685], [4.4358748, 51.3129748], [4.435797, 51.3134609], [4.4357997, 51.3134989]]]}}, {"type": "Feature", "properties": {"name": "Schapendreef", "street_id": "5551", "municipality": "Kapellen", "nis": "11023", "geometry_source": "osm_way", "length_m": 366.7, "osm_way_ids": [30046061], "highway_types": ["residential"], "lat": 51.301836, "lon": 4.4408822}, "geometry": {"type": "MultiLineString", "coordinates": [[[4.4425756, 51.3005812], [4.4415885, 51.3012949], [4.4404384, 51.3022125], [4.4400865, 51.3024057], [4.4397003, 51.3026794], [4.4391996, 51.3031015]]]}}, {"type": "Feature", "properties": {"name": "Scheidreef", "street_id": "5552", "municipality": "Kapellen", "nis": "11023", "geometry_source": "osm_way", "length_m": 446.1, "osm_way_ids": [150635120, 150635121], "highway_types": ["residential"], "lat": 51.3467679, "lon": 4.4330364}, "geometry": {"type": "MultiLineString", "coordinates": [[[4.4356964, 51.3456503], [4.4330478, 51.3467678], [4.430373, 51.3478776]]]}}, {"type": "Feature", "properties": {"name": "Schuplaan", "street_id": "5553", "municipality": "Kapellen", "nis": "11023", "geometry_source": "osm_way", "length_m": 119.2, "osm_way_ids": [26003030], "highway_types": ["residential"], "lat": 51.3512889, "lon": 4.4017917}, "geometry": {"type": "MultiLineString", "coordinates": [[[4.4020975, 51.3507887], [4.4020405, 51.3508828], [4.4015506, 51.351682], [4.4014871, 51.3517899]]]}}, {"type": "Feature", "properties": {"name": "Schuttersdreef", "street_id": "5554", "municipality": "Kapellen", "nis": "11023", "geometry_source": "osm_way", "length_m": 217.1, "osm_way_ids": [105622903, 196839383], "highway_types": ["cycleway", "residential"], "lat": 51.3021073, "lon": 4.4525952}, "geometry": {"type": "MultiLineString", "coordinates": [[[4.4538513, 51.3027101], [4.4521726, 51.3018531], [4.4512895, 51.3016384]]]}}, {"type": "Feature", "properties": {"name": "Selstbaan", "street_id": "5555", "municipality": "Kapellen", "nis": "11023", "geometry_source": "osm_way", "length_m": 784.8, "osm_way_ids": [26156092, 26156095, 543479353], "highway_types": ["residential"], "lat": 51.3570729, "lon": 4.4198458}, "geometry": {"type": "MultiLineString", "coordinates": [[[4.419016, 51.3580438], [4.4189459, 51.3580241], [4.417518, 51.3576603]], [[4.4211976, 51.3540213], [4.4211584, 51.3540703], [4.4204379, 51.3553693], [4.4199175, 51.3563069], [4.419016, 51.3580438], [4.4190766, 51.35807], [4.4216529, 51.3587365]]]}}, {"type": "Feature", "properties": {"name": "Seringenlaan", "street_id": "5556", "municipality": "Kapellen", "nis": "11023", "geometry_source": "osm_way", "length_m": 125.3, "osm_way_ids": [147486498], "highway_types": ["residential"], "lat": 51.3259264, "lon": 4.4377854}, "geometry": {"type": "MultiLineString", "coordinates": [[[4.4370983, 51.3262714], [4.4375754, 51.326037], [4.4380663, 51.3258095], [4.4384427, 51.3255324]]]}}, {"type": "Feature", "properties": {"name": "Sevenhanslei", "street_id": "5557", "municipality": "Kapellen", "nis": "11023", "geometry_source": "osm_way", "length_m": 528.5, "osm_way_ids": [147455852, 284956928], "highway_types": ["residential"], "lat": 51.3144375, "lon": 4.4209224}, "geometry": {"type": "MultiLineString", "coordinates": [[[4.4229222, 51.3124162], [4.4228807, 51.3124567], [4.420508, 51.3148636], [4.4189542, 51.3164117], [4.4189103, 51.3164461]]]}}, {"type": "Feature", "properties": {"name": "Sikkellaan", "street_id": "180150", "municipality": "Kapellen", "nis": "11023", "geometry_source": "osm_way", "length_m": 277.4, "osm_way_ids": [427766483, 427766484], "highway_types": ["residential"], "lat": 51.351552, "lon": 4.4080165}, "geometry": {"type": "MultiLineString", "coordinates": [[[4.4095467, 51.351825], [4.4074807, 51.3513253], [4.4069694, 51.3511935]], [[4.4070275, 51.3520303], [4.4074807, 51.3513253]]]}}, {"type": "Feature", "properties": {"name": "Silvesterdreef", "street_id": "5558", "municipality": "Kapellen", "nis": "11023", "geometry_source": "osm_way", "length_m": 167.4, "osm_way_ids": [28941632, 1328327125], "highway_types": ["residential"], "lat": 51.3111772, "lon": 4.4252341}, "geometry": {"type": "MultiLineString", "coordinates": [[[4.4242095, 51.3107862], [4.4243597, 51.3108433], [4.4252361, 51.3111763], [4.4255672, 51.3113043], [4.4262576, 51.3115711]]]}}, {"type": "Feature", "properties": {"name": "Sint-Dionysiusstraat", "street_id": "5559", "municipality": "Kapellen", "nis": "11023", "geometry_source": "osm_way", "length_m": 277.9, "osm_way_ids": [26003441, 843927904], "highway_types": ["residential"], "lat": 51.3555861, "lon": 4.3991063}, "geometry": {"type": "MultiLineString", "coordinates": [[[4.3998554, 51.3544293], [4.3989596, 51.3558092], [4.3988899, 51.3559166], [4.3988269, 51.3560155], [4.3983618, 51.3567458]]]}}, {"type": "Feature", "properties": {"name": "Sint-Mauritiuslaan", "street_id": "5560", "municipality": "Kapellen", "nis": "11023", "geometry_source": "osm_way", "length_m": 269.1, "osm_way_ids": [136843354], "highway_types": ["residential"], "lat": 51.3192067, "lon": 4.4392172}, "geometry": {"type": "MultiLineString", "coordinates": [[[4.4384424, 51.3185003], [4.4393403, 51.3187614], [4.4393778, 51.3188888], [4.4389862, 51.3191704], [4.4389969, 51.3192475], [4.4395227, 51.3195258], [4.439579, 51.319604], [4.4395401, 51.3198908], [4.4395588, 51.3199248], [4.4396098, 51.3199709], [4.4396225, 51.3200119], [4.4395873, 51.3202899]]]}}, {"type": "Feature", "properties": {"name": "Sneppendreef", "street_id": "5561", "municipality": "Kapellen", "nis": "11023", "geometry_source": "osm_way", "length_m": 455.5, "osm_way_ids": [23538633, 252115542], "highway_types": ["residential"], "lat": 51.3551172, "lon": 4.4624881}, "geometry": {"type": "MultiLineString", "coordinates": [[[4.4636251, 51.3531134], [4.462225, 51.3557899], [4.4619699, 51.3562516], [4.4618181, 51.3563557], [4.4609776, 51.3567333]]]}}, {"type": "Feature", "properties": {"name": "Sparrenlaan", "street_id": "5562", "municipality": "Kapellen", "nis": "11023", "geometry_source": "osm_way", "length_m": 743.8, "osm_way_ids": [51275551, 51275552, 147486499, 147486500, 147486501, 147486502, 147486503, 147486504, 147486505, 147486506, 147486507, 147486514, 355607746, 355607747, 355607748], "highway_types": ["residential"], "lat": 51.3212839, "lon": 4.4346389}, "geometry": {"type": "MultiLineString", "coordinates": [[[4.4316656, 51.3232972], [4.4323669, 51.3227924]], [[4.4325078, 51.3227115], [4.4333439, 51.3221568]], [[4.4334777, 51.3220769], [4.4342603, 51.3215997], [4.434604, 51.3214197], [4.4345241, 51.3213123]], [[4.4341508, 51.3215202], [4.4345241, 51.3213123]], [[4.4345241, 51.3213123], [4.4349226, 51.321087]], [[4.4359215, 51.31991], [4.435872, 51.3198801], [4.4358297, 51.3197921], [4.4358316, 51.3197578], [4.4358649, 51.3197001]], [[4.4359215, 51.31991], [4.4361172, 51.3203174]], [[4.4360131, 51.3198061], [4.4359503, 51.3198551], [4.4359215, 51.31991]], [[4.4361172, 51.3203174], [4.4362394, 51.3203422], [4.436304, 51.3203731], [4.4363382, 51.3204123], [4.4363477, 51.3204515], [4.4363268, 51.3204836], [4.4362793, 51.3205192], [4.4361725, 51.3205545]], [[4.4361172, 51.3203174], [4.4361817, 51.3204369]], [[4.4361725, 51.3205545], [4.4355245, 51.3208407], [4.435228, 51.3209629], [4.4349226, 51.321087], [4.4347772, 51.3209714], [4.4361817, 51.3204369]], [[4.4361817, 51.3204369], [4.4361994, 51.320492], [4.4361725, 51.3205545]]]}}, {"type": "Feature", "properties": {"name": "Spechtenlaan", "street_id": "5563", "municipality": "Kapellen", "nis": "11023", "geometry_source": "osm_way", "length_m": 580.7, "osm_way_ids": [23539230], "highway_types": ["residential"], "lat": 51.3537166, "lon": 4.4424884}, "geometry": {"type": "MultiLineString", "coordinates": [[[4.4459388, 51.3522533], [4.439038, 51.35518]]]}}, {"type": "Feature", "properties": {"name": "Speckweg", "street_id": "5564", "municipality": "Kapellen", "nis": "11023", "geometry_source": "osm_way", "length_m": 685.5, "osm_way_ids": [121686966, 543479352], "highway_types": ["residential"], "lat": 51.3590139, "lon": 4.4216659}, "geometry": {"type": "MultiLineString", "coordinates": [[[4.4199037, 51.3620243], [4.4209094, 51.3601051], [4.420962, 51.3599984], [4.4216529, 51.3587365], [4.4223454, 51.3575111], [4.4224298, 51.3573635], [4.4225471, 51.3572772], [4.4230035, 51.3570887], [4.4239638, 51.3566726], [4.4240286, 51.3566397]]]}}, {"type": "Feature", "properties": {"name": "Spoorstraat", "street_id": "5565", "municipality": "Kapellen", "nis": "11023", "geometry_source": "osm_way", "length_m": 158.3, "osm_way_ids": [32264502], "highway_types": ["residential"], "lat": 51.3191545, "lon": 4.4373283}, "geometry": {"type": "MultiLineString", "coordinates": [[[4.4379913, 51.3185939], [4.4379429, 51.3186362], [4.4379651, 51.3187182], [4.4366549, 51.3196294], [4.4365682, 51.3196563]]]}}, {"type": "Feature", "properties": {"name": "Spreeuwenlei", "street_id": "5566", "municipality": "Kapellen", "nis": "11023", "geometry_source": "osm_way", "length_m": 191.4, "osm_way_ids": [32272926], "highway_types": ["residential"], "lat": 51.3424965, "lon": 4.4572669}, "geometry": {"type": "MultiLineString", "coordinates": [[[4.4586206, 51.3423524], [4.4559956, 51.3426319], [4.4559133, 51.3426407]]]}}, {"type": "Feature", "properties": {"name": "Starrenhoflaan", "street_id": "5567", "municipality": "Kapellen", "nis": "11023", "geometry_source": "osm_way", "length_m": 1681.9, "osm_way_ids": [147486508, 195750564], "highway_types": ["service", "unclassified"], "lat": 51.328819, "lon": 4.4101769}, "geometry": {"type": "MultiLineString", "coordinates": [[[4.4100037, 51.3302963], [4.405931, 51.3286411], [4.405845, 51.3285727], [4.4058216, 51.3284849], [4.405845, 51.3284166], [4.4073837, 51.3267865], [4.4075321, 51.3266693], [4.4076649, 51.3266303], [4.4078211, 51.3266157], [4.4079383, 51.3266157], [4.4081101, 51.3266645], [4.4092973, 51.3271086], [4.4095082, 51.3272111], [4.4098518, 51.3274014], [4.4123902, 51.3283678], [4.4126558, 51.3284556], [4.4129057, 51.3284898], [4.4137961, 51.3284995], [4.4148896, 51.3285044], [4.4154285, 51.3285288], [4.4157877, 51.3286255], [4.4159536, 51.3286663]], [[4.4101797, 51.3302439], [4.4102516, 51.3300063], [4.4105219, 51.329755], [4.4124245, 51.3305272], [4.4124538, 51.3305778], [4.4124365, 51.3306291], [4.4119584, 51.3310863], [4.4118904, 51.3311513], [4.4104943, 51.3305802], [4.4102684, 51.3304454]]]}}, {"type": "Feature", "properties": {"name": "Stationsstraat", "street_id": "5568", "municipality": "Kapellen", "nis": "11023", "geometry_source": "osm_way", "length_m": 336.9, "osm_way_ids": [101028372, 101028380, 147455844, 147455853, 147455860, 321745278, 321745279, 1361666101], "highway_types": ["residential", "tertiary"], "lat": 51.3141802, "lon": 4.4315511}, "geometry": {"type": "MultiLineString", "coordinates": [[[4.4296546, 51.3149249], [4.4297181, 51.3149103], [4.4298557, 51.3148731], [4.4300116, 51.3148225], [4.4303261, 51.3146822], [4.4308603, 51.3144337], [4.4309252, 51.3144008], [4.4322458, 51.3138007], [4.4323795, 51.3137484]], [[4.4324901, 51.3137502], [4.4324543, 51.3137616], [4.4324142, 51.313761], [4.4323795, 51.3137484]], [[4.4323795, 51.3137484], [4.4323605, 51.3137301], [4.4323554, 51.3137086], [4.4323652, 51.3136877], [4.4323882, 51.3136713], [4.43242, 51.3136624], [4.4324549, 51.3136627], [4.4324867, 51.3136722], [4.432509, 51.3136893], [4.4325176, 51.3137107], [4.4325109, 51.3137324], [4.4324901, 51.3137502]], [[4.4333034, 51.3137022], [4.4331788, 51.3137483], [4.4331493, 51.3137605], [4.4330559, 51.3138036], [4.4330237, 51.3138146], [4.4329885, 51.3138239], [4.432937, 51.3138363], [4.4328409, 51.3138595], [4.4328009, 51.3138696], [4.4327312, 51.3138916], [4.4326983, 51.3138976], [4.4326662, 51.313895], [4.4326432, 51.3138864], [4.4326151, 51.3138626], [4.4325752, 51.3138235], [4.4324901, 51.3137502]]]}}, {"type": "Feature", "properties": {"name": "Sterrelaan", "street_id": "5569", "municipality": "Kapellen", "nis": "11023", "geometry_source": "osm_way", "length_m": 130.8, "osm_way_ids": [136912711], "highway_types": ["residential"], "lat": 51.3100419, "lon": 4.4184002}, "geometry": {"type": "MultiLineString", "coordinates": [[[4.4191969, 51.3098062], [4.4182178, 51.3101976], [4.4181282, 51.3101974], [4.4176019, 51.3099859]]]}}, {"type": "Feature", "properties": {"name": "Streepstraat", "street_id": "5570", "municipality": "Kapellen", "nis": "11023", "geometry_source": "osm_way", "length_m": 1336.4, "osm_way_ids": [23540605, 23540609, 83283160, 83284373, 284956930, 285100318, 426372814, 1051489867, 1535694373], "highway_types": ["residential"], "lat": 51.3159121, "lon": 4.4174579}, "geometry": {"type": "MultiLineString", "coordinates": [[[4.4096626, 51.3125934], [4.4107267, 51.3129753], [4.4117558, 51.313309], [4.4120069, 51.3133759], [4.4121088, 51.3134018], [4.4134521, 51.3139166], [4.4148046, 51.3144484], [4.4154213, 51.3146934], [4.4159006, 51.3148954], [4.4166874, 51.315227], [4.4168403, 51.3153044], [4.4179654, 51.3158403], [4.4181802, 51.3159698], [4.4183714, 51.316085], [4.4184768, 51.3161536], [4.4189103, 51.3164461], [4.4190018, 51.3165079], [4.4197126, 51.3169638], [4.4207948, 51.3176922], [4.4208698, 51.317738], [4.4214285, 51.3180996], [4.4215942, 51.3181726], [4.4224855, 51.3185339], [4.4231151, 51.318792], [4.4238727, 51.3191025], [4.4239782, 51.319143], [4.4240937, 51.3191919], [4.4242092, 51.3192409], [4.4242873, 51.3192655], [4.4245438, 51.3193649], [4.4249475, 51.319527], [4.4249971, 51.3195457], [4.4250908, 51.3195835]]]}}, {"type": "Feature", "properties": {"name": "Torenlei", "street_id": "5571", "municipality": "Kapellen", "nis": "11023", "geometry_source": "osm_way", "length_m": 1166.7, "osm_way_ids": [30076991, 427782113, 427782116, 427782118], "highway_types": ["residential", "track"], "lat": 51.3433683, "lon": 4.459468}, "geometry": {"type": "MultiLineString", "coordinates": [[[4.4586206, 51.3423524], [4.4581296, 51.3413617], [4.4577888, 51.340618], [4.4573473, 51.3396378]], [[4.4611308, 51.3479004], [4.4599653, 51.3452326], [4.4586206, 51.3423524]], [[4.4586206, 51.3423524], [4.460095, 51.3421772], [4.4615861, 51.342001]]]}}, {"type": "Feature", "properties": {"name": "Valkenlaan", "street_id": "5572", "municipality": "Kapellen", "nis": "11023", "geometry_source": "osm_way", "length_m": 1088.7, "osm_way_ids": [30046019, 1181775795], "highway_types": ["residential"], "lat": 51.3010781, "lon": 4.4457703}, "geometry": {"type": "MultiLineString", "coordinates": [[[4.4393559, 51.2987544], [4.44032, 51.2990076], [4.4408178, 51.2990774], [4.4416144, 51.29913], [4.4420023, 51.2992062], [4.4428846, 51.2995649], [4.4439764, 51.3001453], [4.4445429, 51.3003814], [4.4454204, 51.3006207], [4.4458761, 51.3007649], [4.4463526, 51.3009489], [4.4469146, 51.3012138], [4.4473925, 51.3014815], [4.4478904, 51.3018472], [4.4483275, 51.3022533], [4.4486633, 51.3025175], [4.4487468, 51.3025613], [4.4495351, 51.3029751], [4.4500566, 51.3032489], [4.4518501, 51.3042556]]]}}, {"type": "Feature", "properties": {"name": "Van Haeftenlaan", "street_id": "5573", "municipality": "Kapellen", "nis": "11023", "geometry_source": "osm_way", "length_m": 517.1, "osm_way_ids": [32264862], "highway_types": ["residential"], "lat": 51.3236514, "lon": 4.4400743}, "geometry": {"type": "MultiLineString", "coordinates": [[[4.4426371, 51.3253362], [4.4414429, 51.3245604], [4.4402654, 51.3237711], [4.4376036, 51.3220265], [4.4375018, 51.3219848]]]}}, {"type": "Feature", "properties": {"name": "Van Paesschendreef", "street_id": "209595", "municipality": "Kapellen", "nis": "11023", "geometry_source": "address_points", "length_m": null, "osm_way_ids": [], "highway_types": [], "lat": 51.3120683, "lon": 4.4260184}, "geometry": {"type": "MultiPoint", "coordinates": [[4.4262058573896015, 51.31191875695366], [4.425830917485232, 51.31221788313145]]}}, {"type": "Feature", "properties": {"name": "Varenlaan", "street_id": "5575", "municipality": "Kapellen", "nis": "11023", "geometry_source": "osm_way", "length_m": 471.8, "osm_way_ids": [540728748], "highway_types": ["residential"], "lat": 51.3550862, "lon": 4.4529552}, "geometry": {"type": "MultiLineString", "coordinates": [[[4.4548263, 51.3568512], [4.4525636, 51.3547227], [4.4510915, 51.3533133]]]}}, {"type": "Feature", "properties": {"name": "Veldstraat", "street_id": "5576", "municipality": "Kapellen", "nis": "11023", "geometry_source": "osm_way", "length_m": 116.2, "osm_way_ids": [28891591], "highway_types": ["residential"], "lat": 51.2999233, "lon": 4.4208339}, "geometry": {"type": "MultiLineString", "coordinates": [[[4.4209797, 51.2994099], [4.4209696, 51.2994471], [4.4209625, 51.2994833], [4.4208621, 51.2998169], [4.4207711, 51.3001296], [4.4206955, 51.3004388]]]}}, {"type": "Feature", "properties": {"name": "Venuslei", "street_id": "5577", "municipality": "Kapellen", "nis": "11023", "geometry_source": "osm_way", "length_m": 1042.0, "osm_way_ids": [32268478, 427782120, 427782121], "highway_types": ["residential"], "lat": 51.3365572, "lon": 4.4653558}, "geometry": {"type": "MultiLineString", "coordinates": [[[4.4662541, 51.3372043], [4.4650413, 51.3368047], [4.464954, 51.3367888], [4.4648746, 51.3367878], [4.4648456, 51.3367959], [4.4647999, 51.3368086], [4.4604718, 51.3381821], [4.4602669, 51.3382471]], [[4.4659048, 51.3375912], [4.4662541, 51.3372043], [4.4683433, 51.3346889], [4.4684099, 51.3346184], [4.468437, 51.3345883], [4.4684669, 51.3345696], [4.4685251, 51.334558], [4.4685832, 51.3345508], [4.4688195, 51.3345416], [4.470222, 51.3344871], [4.4703211, 51.3344792], [4.4704191, 51.3344594], [4.4705542, 51.3344122]], [[4.4600813, 51.3383174], [4.4600687, 51.3382661], [4.4601178, 51.3382243], [4.460159, 51.3382203], [4.4601999, 51.3382164], [4.4602669, 51.3382471], [4.4602795, 51.3382984], [4.4602303, 51.3383402], [4.4601482, 51.3383481], [4.4600813, 51.3383174]]]}}, {"type": "Feature", "properties": {"name": "Vierdedreef", "street_id": "5578", "municipality": "Kapellen", "nis": "11023", "geometry_source": "osm_way", "length_m": 291.8, "osm_way_ids": [23539155], "highway_types": ["residential"], "lat": 51.3485309, "lon": 4.4480305}, "geometry": {"type": "MultiLineString", "coordinates": [[[4.4492433, 51.3495998], [4.4468176, 51.347462]]]}}, {"type": "Feature", "properties": {"name": "Vierhoevenstraat", "street_id": "5579", "municipality": "Kapellen", "nis": "11023", "geometry_source": "osm_way", "length_m": 1871.8, "osm_way_ids": [26155895, 543479358, 543479359], "highway_types": ["residential"], "lat": 51.3540085, "lon": 4.4105046}, "geometry": {"type": "MultiLineString", "coordinates": [[[4.3980007, 51.3509573], [4.3981086, 51.3509836], [4.3995068, 51.3512937], [4.4014871, 51.3517899], [4.4016725, 51.3518338], [4.4038634, 51.3523648], [4.4053096, 51.352718], [4.4063461, 51.3529675], [4.4064438, 51.3529911], [4.4064968, 51.3530288], [4.4065302, 51.3530525], [4.4130622, 51.3546529], [4.4136673, 51.3548012], [4.414439, 51.3549821], [4.4199175, 51.3563069], [4.4219569, 51.3567942], [4.4230035, 51.3570887]]]}}, {"type": "Feature", "properties": {"name": "Vijfdedreef", "street_id": "5580", "municipality": "Kapellen", "nis": "11023", "geometry_source": "osm_way", "length_m": 292.1, "osm_way_ids": [150635122], "highway_types": ["residential"], "lat": 51.3475099, "lon": 4.4429252}, "geometry": {"type": "MultiLineString", "coordinates": [[[4.441738, 51.3464283], [4.4441124, 51.3485915]]]}}, {"type": "Feature", "properties": {"name": "Vijverslei", "street_id": "5581", "municipality": "Kapellen", "nis": "11023", "geometry_source": "osm_way", "length_m": 1999.9, "osm_way_ids": [23538582, 23538597, 23538630, 30053838, 30053937, 30054270, 252115547, 252115548, 252115549, 1128426917, 1128426918], "highway_types": ["residential"], "lat": 51.350465, "lon": 4.4715475}, "geometry": {"type": "MultiLineString", "coordinates": [[[4.4843962, 51.3484548], [4.4843613, 51.3484306], [4.4806574, 51.3477186], [4.4782586, 51.3481802], [4.4780684, 51.3482156], [4.4773659, 51.3484079], [4.4769871, 51.3485107], [4.4767448, 51.3485676], [4.4758654, 51.3487357], [4.4751393, 51.3488747], [4.4743797, 51.3490119], [4.4737735, 51.3490986], [4.4728043, 51.3492279], [4.4726804, 51.3492635], [4.4698937, 51.3504282], [4.4677232, 51.3513643], [4.4667536, 51.3517815], [4.4661742, 51.3520307], [4.4653248, 51.3523851], [4.4651048, 51.3524741], [4.4636251, 51.3531134], [4.4619267, 51.3538494], [4.4608088, 51.3543122], [4.4591738, 51.3549905], [4.459088, 51.3550245]]]}}, {"type": "Feature", "properties": {"name": "Vincent Mercierplein", "street_id": "5582", "municipality": "Kapellen", "nis": "11023", "geometry_source": "osm_way", "length_m": 23.7, "osm_way_ids": [26003464], "highway_types": ["residential"], "lat": 51.3536725, "lon": 4.3966422}, "geometry": {"type": "MultiLineString", "coordinates": [[[4.396489, 51.3536263], [4.3967954, 51.3537186]]]}}, {"type": "Feature", "properties": {"name": "Vinkenlei", "street_id": "5583", "municipality": "Kapellen", "nis": "11023", "geometry_source": "osm_way", "length_m": 191.7, "osm_way_ids": [121636118], "highway_types": ["residential"], "lat": 51.3550511, "lon": 4.4615169}, "geometry": {"type": "MultiLineString", "coordinates": [[[4.462225, 51.3557899], [4.4608088, 51.3543122]]]}}, {"type": "Feature", "properties": {"name": "Vinusakker", "street_id": "5584", "municipality": "Kapellen", "nis": "11023", "geometry_source": "osm_way", "length_m": 752.5, "osm_way_ids": [74934209], "highway_types": ["residential"], "lat": 51.3084032, "lon": 4.4524924}, "geometry": {"type": "MultiLineString", "coordinates": [[[4.4560503, 51.3058633], [4.4490509, 51.3108597], [4.4489405, 51.3109509]]]}}, {"type": "Feature", "properties": {"name": "Vloeiende", "street_id": "5585", "municipality": "Kapellen", "nis": "11023", "geometry_source": "osm_way", "length_m": 1447.3, "osm_way_ids": [23541027, 139349925, 196839385, 389179100, 493248019, 692398525], "highway_types": ["residential"], "lat": 51.2974735, "lon": 4.4306599}, "geometry": {"type": "MultiLineString", "coordinates": [[[4.4244131, 51.2926852], [4.4245003, 51.2927014], [4.4251742, 51.2929165], [4.4255079, 51.2930537], [4.4266036, 51.2935461], [4.4268864, 51.2936925], [4.4269308, 51.2937155], [4.4277698, 51.294259], [4.4279355, 51.2943767], [4.4282333, 51.2946815], [4.4285926, 51.2950608], [4.4290714, 51.2955734], [4.4292913, 51.2958224], [4.4294851, 51.2960847], [4.4297407, 51.2964081], [4.4300598, 51.296745], [4.4307439, 51.2974083], [4.4309477, 51.2976264], [4.4313167, 51.2981309], [4.4316429, 51.2985387], [4.4316974, 51.298619], [4.4318398, 51.2988289], [4.4319017, 51.2988895], [4.4321223, 51.2991051], [4.4322996, 51.2992271], [4.4325141, 51.2993751], [4.4326235, 51.29945], [4.4326707, 51.2994824], [4.4328318, 51.2995932], [4.4338577, 51.3003087], [4.4341928, 51.3005871], [4.4343734, 51.300776], [4.4347034, 51.3013104], [4.434934, 51.3017279], [4.4350374, 51.3019102], [4.4351908, 51.3021809], [4.4354452, 51.3025153], [4.4360617, 51.3028353], [4.4362026, 51.3029003], [4.4363262, 51.3029882]]]}}, {"type": "Feature", "properties": {"name": "Voetbeeklaan", "street_id": "5586", "municipality": "Kapellen", "nis": "11023", "geometry_source": "osm_way", "length_m": 216.2, "osm_way_ids": [105613148], "highway_types": ["residential"], "lat": 51.3063129, "lon": 4.4510986}, "geometry": {"type": "MultiLineString", "coordinates": [[[4.4499317, 51.3056802], [4.4512546, 51.3063853], [4.4522534, 51.3069673]]]}}, {"type": "Feature", "properties": {"name": "Vogelkerslaan", "street_id": "5587", "municipality": "Kapellen", "nis": "11023", "geometry_source": "osm_way", "length_m": 473.6, "osm_way_ids": [23539249], "highway_types": ["residential"], "lat": 51.3523949, "lon": 4.4501631}, "geometry": {"type": "MultiLineString", "coordinates": [[[4.4473174, 51.3535586], [4.4530089, 51.3512313]]]}}, {"type": "Feature", "properties": {"name": "Voshollei", "street_id": "5588", "municipality": "Kapellen", "nis": "11023", "geometry_source": "osm_way", "length_m": 379.8, "osm_way_ids": [23538271], "highway_types": ["residential"], "lat": 51.3508142, "lon": 4.4737822}, "geometry": {"type": "MultiLineString", "coordinates": [[[4.4747303, 51.3524202], [4.47318, 51.3497851], [4.4728518, 51.3492799], [4.4728043, 51.3492279]]]}}, {"type": "Feature", "properties": {"name": "Vredestraat", "street_id": "5589", "municipality": "Kapellen", "nis": "11023", "geometry_source": "osm_way", "length_m": 85.5, "osm_way_ids": [101028317], "highway_types": ["residential"], "lat": 51.3144644, "lon": 4.4298204}, "geometry": {"type": "MultiLineString", "coordinates": [[[4.4303261, 51.3146822], [4.4302867, 51.3146429], [4.4302204, 51.3146077], [4.4298171, 51.3144558], [4.429401, 51.3143071], [4.4292962, 51.3143386]]]}}, {"type": "Feature", "properties": {"name": "Warandelaan", "street_id": "5590", "municipality": "Kapellen", "nis": "11023", "geometry_source": "osm_way", "length_m": 166.5, "osm_way_ids": [26003358], "highway_types": ["residential"], "lat": 51.3539679, "lon": 4.4012115}, "geometry": {"type": "MultiLineString", "coordinates": [[[4.4016765, 51.3532822], [4.4012939, 51.3538353], [4.4012, 51.3539645], [4.4007633, 51.3546646]]]}}, {"type": "Feature", "properties": {"name": "Waterstraat", "street_id": "5591", "municipality": "Kapellen", "nis": "11023", "geometry_source": "osm_way", "length_m": 33.0, "osm_way_ids": [23540424], "highway_types": ["tertiary"], "lat": 51.3379554, "lon": 4.4062432}, "geometry": {"type": "MultiLineString", "coordinates": [[[4.406436, 51.338041], [4.4063574, 51.3380083], [4.4060515, 51.3378675]]]}}, {"type": "Feature", "properties": {"name": "Weerstandersdreef", "street_id": "5592", "municipality": "Kapellen", "nis": "11023", "geometry_source": "osm_way", "length_m": 233.2, "osm_way_ids": [169455938], "highway_types": ["residential"], "lat": 51.3298277, "lon": 4.4234043}, "geometry": {"type": "MultiLineString", "coordinates": [[[4.4243709, 51.3289743], [4.4224946, 51.3306305], [4.4224441, 51.3306876]]]}}, {"type": "Feature", "properties": {"name": "Weilandlaan", "street_id": "5593", "municipality": "Kapellen", "nis": "11023", "geometry_source": "osm_way", "length_m": 177.7, "osm_way_ids": [26003470], "highway_types": ["residential"], "lat": 51.355772, "lon": 4.4017099}, "geometry": {"type": "MultiLineString", "coordinates": [[[4.4022094, 51.355037], [4.401272, 51.3564164], [4.4012104, 51.356507]]]}}, {"type": "Feature", "properties": {"name": "Weymouthlaan", "street_id": "5594", "municipality": "Kapellen", "nis": "11023", "geometry_source": "osm_way", "length_m": 668.3, "osm_way_ids": [23523409, 23539291], "highway_types": ["residential"], "lat": 51.353764, "lon": 4.4493723}, "geometry": {"type": "MultiLineString", "coordinates": [[[4.4535861, 51.3522973], [4.4510915, 51.3533133], [4.4483506, 51.3544296], [4.4450032, 51.354451]]]}}, {"type": "Feature", "properties": {"name": "Wielewaallaan", "street_id": "5595", "municipality": "Kapellen", "nis": "11023", "geometry_source": "osm_way", "length_m": 229.9, "osm_way_ids": [30046113], "highway_types": ["residential"], "lat": 51.3019849, "lon": 4.4500996}, "geometry": {"type": "MultiLineString", "coordinates": [[[4.4487916, 51.301729], [4.4493476, 51.3018691], [4.4498111, 51.3020301], [4.4502489, 51.3022393], [4.4504119, 51.3023252], [4.4512895, 51.3016384]]]}}, {"type": "Feature", "properties": {"name": "Wilgenstraat", "street_id": "5596", "municipality": "Kapellen", "nis": "11023", "geometry_source": "osm_way", "length_m": 297.0, "osm_way_ids": [25550137], "highway_types": ["residential"], "lat": 51.3069234, "lon": 4.4233313}, "geometry": {"type": "MultiLineString", "coordinates": [[[4.4214046, 51.3063728], [4.4223626, 51.3066347], [4.4230554, 51.306812], [4.423818, 51.307056], [4.4252425, 51.3075261]]]}}, {"type": "Feature", "properties": {"name": "Winkelhaakstraat", "street_id": "5597", "municipality": "Kapellen", "nis": "11023", "geometry_source": "osm_way", "length_m": 176.9, "osm_way_ids": [59378871], "highway_types": ["residential"], "lat": 51.3059317, "lon": 4.4326643}, "geometry": {"type": "MultiLineString", "coordinates": [[[4.4322145, 51.3066834], [4.4322958, 51.3065619], [4.4323538, 51.3064603], [4.4327298, 51.3058014], [4.4327804, 51.3057507], [4.4330402, 51.3052856], [4.4330575, 51.3052611], [4.4331466, 51.3052174]]]}}, {"type": "Feature", "properties": {"name": "Wolvenbosdreef", "street_id": "5598", "municipality": "Kapellen", "nis": "11023", "geometry_source": "osm_way", "length_m": 399.4, "osm_way_ids": [30077782], "highway_types": ["residential"], "lat": 51.3308128, "lon": 4.4453268}, "geometry": {"type": "MultiLineString", "coordinates": [[[4.4424797, 51.3310139], [4.4452037, 51.3308195], [4.4480709, 51.3306225], [4.4481744, 51.3306198]]]}}, {"type": "Feature", "properties": {"name": "Zandstraat", "street_id": "5599", "municipality": "Kapellen", "nis": "11023", "geometry_source": "osm_way", "length_m": 86.5, "osm_way_ids": [28941523], "highway_types": ["residential"], "lat": 51.3115443, "lon": 4.4219956}, "geometry": {"type": "MultiLineString", "coordinates": [[[4.4216099, 51.3118498], [4.4216856, 51.3117888], [4.4223011, 51.3113028], [4.4223287, 51.3112832], [4.4223833, 51.3112415]]]}}, {"type": "Feature", "properties": {"name": "Zesdedreef", "street_id": "5600", "municipality": "Kapellen", "nis": "11023", "geometry_source": "osm_way", "length_m": 292.2, "osm_way_ids": [31113870, 31113960], "highway_types": ["path", "residential"], "lat": 51.3496778, "lon": 4.4452912}, "geometry": {"type": "MultiLineString", "coordinates": [[[4.4441124, 51.3485915], [4.4461234, 51.3504449], [4.4464709, 51.3507631]]]}}, {"type": "Feature", "properties": {"name": "Zijdefabriekstraat", "street_id": "5601", "municipality": "Kapellen", "nis": "11023", "geometry_source": "osm_way", "length_m": 75.6, "osm_way_ids": [105622898, 1132717931], "highway_types": ["cycleway", "residential"], "lat": 51.3008289, "lon": 4.4518228}, "geometry": {"type": "MultiLineString", "coordinates": [[[4.4522395, 51.3006455], [4.4520094, 51.3007501], [4.4519673, 51.3007601], [4.4517964, 51.3007868], [4.4514394, 51.301072]]]}}, {"type": "Feature", "properties": {"name": "Zilverboslaan", "street_id": "5602", "municipality": "Kapellen", "nis": "11023", "geometry_source": "osm_way", "length_m": 399.8, "osm_way_ids": [59378854, 59378858, 1360465445], "highway_types": ["residential"], "lat": 51.3058525, "lon": 4.4316829}, "geometry": {"type": "MultiLineString", "coordinates": [[[4.4313565, 51.3064389], [4.4322145, 51.3066834], [4.43217, 51.3067447], [4.4320981, 51.3067243], [4.4313686, 51.3065175], [4.4313565, 51.3064389]], [[4.4320801, 51.304215], [4.4319894, 51.3042712], [4.4319578, 51.304293], [4.4318801, 51.3043526], [4.4318371, 51.304413], [4.4317942, 51.3045203], [4.4315475, 51.3053721], [4.431526, 51.3054727], [4.4313397, 51.3063915], [4.4313565, 51.3064389]]]}}, {"type": "Feature", "properties": {"name": "Zilverenhoeklaan", "street_id": "5603", "municipality": "Kapellen", "nis": "11023", "geometry_source": "osm_way", "length_m": 468.9, "osm_way_ids": [147490996], "highway_types": ["residential"], "lat": 51.3062738, "lon": 4.4375716}, "geometry": {"type": "MultiLineString", "coordinates": [[[4.4348608, 51.3050215], [4.4349492, 51.3050459], [4.4351311, 51.3050953], [4.4354794, 51.3051899], [4.4357979, 51.3053311], [4.4362153, 51.3056037], [4.4364547, 51.3057601], [4.4368611, 51.3060213], [4.4371837, 51.3062055], [4.4375976, 51.3063863], [4.4383482, 51.3066883], [4.4396957, 51.3072337], [4.439818, 51.3072832], [4.4400086, 51.3073224], [4.4401583, 51.3073332], [4.4403512, 51.3073515]]]}}, {"type": "Feature", "properties": {"name": "Zilverlindendreef", "street_id": "5604", "municipality": "Kapellen", "nis": "11023", "geometry_source": "osm_way", "length_m": 424.0, "osm_way_ids": [74326035, 77417110], "highway_types": ["residential"], "lat": 51.3105572, "lon": 4.4289418}, "geometry": {"type": "MultiLineString", "coordinates": [[[4.4303018, 51.3109846], [4.4302469, 51.3109686], [4.4296871, 51.3108054], [4.4287062, 51.3105195], [4.4277272, 51.3102342], [4.4275324, 51.3101774]], [[4.4275945, 51.3101333], [4.4277645, 51.3101828], [4.4287443, 51.3104684], [4.4297253, 51.3107543], [4.4302899, 51.3109189], [4.4303389, 51.3109332]]]}}, {"type": "Feature", "properties": {"name": "Zilversparlaan", "street_id": "5605", "municipality": "Kapellen", "nis": "11023", "geometry_source": "osm_way", "length_m": 322.1, "osm_way_ids": [162959885], "highway_types": ["residential"], "lat": 51.3556659, "lon": 4.4462772}, "geometry": {"type": "MultiLineString", "coordinates": [[[4.4450032, 51.354451], [4.4463338, 51.3557412], [4.4475734, 51.3568571]]]}}, {"type": "Feature", "properties": {"name": "Zinnialaan", "street_id": "5606", "municipality": "Kapellen", "nis": "11023", "geometry_source": "osm_way", "length_m": 485.9, "osm_way_ids": [101050582], "highway_types": ["residential"], "lat": 51.3155874, "lon": 4.4491651}, "geometry": {"type": "MultiLineString", "coordinates": [[[4.4483878, 51.3149899], [4.4489263, 51.3144637], [4.4493715, 51.3145984], [4.4498505, 51.3147766], [4.4501039, 51.3148788], [4.4501951, 51.3149341], [4.4502173, 51.3149823], [4.450206, 51.315045], [4.4488374, 51.3164274], [4.4479557, 51.3173495]]]}}, {"type": "Feature", "properties": {"name": "Zwaluwlaan", "street_id": "5607", "municipality": "Kapellen", "nis": "11023", "geometry_source": "address_points", "length_m": null, "osm_way_ids": [], "highway_types": [], "lat": 51.3009459, "lon": 4.4421283}, "geometry": {"type": "MultiPoint", "coordinates": [[4.4421238611076115, 51.301223319101815], [4.4424059063007455, 51.30105443578152], [4.441730911976067, 51.30089576818583], [4.441958068877066, 51.30074336826022], [4.44203335951732, 51.30057362591845], [4.442305458271635, 51.30109260833041], [4.442340499853359, 51.30103847800184]]}}, {"type": "Feature", "properties": {"name": "Zwanenlei", "street_id": "5608", "municipality": "Kapellen", "nis": "11023", "geometry_source": "osm_way", "length_m": 98.0, "osm_way_ids": [26002863, 196498387], "highway_types": ["residential"], "lat": 51.3522459, "lon": 4.4014181}, "geometry": {"type": "MultiLineString", "coordinates": [[[4.4016725, 51.3518338], [4.4013196, 51.3524147], [4.4012192, 51.352549], [4.4011552, 51.3526523]]]}}, {"type": "Feature", "properties": {"name": "Zwarte-Beeklaan", "street_id": "5609", "municipality": "Kapellen", "nis": "11023", "geometry_source": "osm_way", "length_m": 254.9, "osm_way_ids": [147486509], "highway_types": ["residential"], "lat": 51.3221015, "lon": 4.4415629}, "geometry": {"type": "MultiLineString", "coordinates": [[[4.4429419, 51.322893], [4.4413534, 51.3219044], [4.4411871, 51.3218376], [4.4403084, 51.321522], [4.4401022, 51.3215092]]]}}, {"type": "Feature", "properties": {"name": "van Vredenburchlaan", "street_id": "5574", "municipality": "Kapellen", "nis": "11023", "geometry_source": "osm_way", "length_m": 159.3, "osm_way_ids": [101028321], "highway_types": ["residential"], "lat": 51.3195875, "lon": 4.4341547}, "geometry": {"type": "MultiLineString", "coordinates": [[[4.4333284, 51.3200782], [4.4338406, 51.3197876], [4.43488, 51.3191398], [4.4349739, 51.3190848]]]}}]}