{"type": "FeatureCollection", "name": "Stabroek_streets", "crs": {"type": "name", "properties": {"name": "urn:ogc:def:crs:OGC:1.3:CRS84"}}, "metadata": {"municipality": "Stabroek", "nis": "11044", "street_count": 159, "osm_boundary_relation": 60973, "sources": ["Vlaamse basisregisters (Adressenregister)", "OpenStreetMap contributors (ODbL)"]}, "features": [{"type": "Feature", "properties": {"name": "'s Hertogendijk", "street_id": "7372", "municipality": "Stabroek", "nis": "11044", "geometry_source": "osm_way", "length_m": 3377.0, "osm_way_ids": [28550028, 28709631, 178964798, 278464562, 859282219, 1153265384, 1153279220, 1153279222], "highway_types": ["residential", "tertiary", "unclassified"], "lat": 51.3209932, "lon": 4.3733695}, "geometry": {"type": "MultiLineString", "coordinates": [[[4.3610516, 51.3103943], [4.3608718, 51.3103328], [4.3608217, 51.3103239], [4.3607533, 51.3103281], [4.3607041, 51.3103441], [4.3605828, 51.3103968], [4.3602854, 51.3105645], [4.3597322, 51.3109906], [4.3595489, 51.3111601], [4.3593438, 51.3113973], [4.3591689, 51.3116486], [4.3590263, 51.3119428], [4.3589529, 51.3121302], [4.3588975, 51.3122946], [4.3588462, 51.312513], [4.3588239, 51.3127506], [4.3588255, 51.3130527], [4.3588674, 51.3133343], [4.3588938, 51.313489], [4.3589391, 51.3136314], [4.3591013, 51.3140491], [4.359297, 51.3145184], [4.3593376, 51.3145749], [4.3593939, 51.3146205], [4.3594585, 51.3146563], [4.3595474, 51.314694], [4.3619549, 51.315516], [4.3643991, 51.3163517], [4.3644853, 51.3163815], [4.3645544, 51.3164172], [4.3645894, 51.3164665], [4.3648621, 51.3169698], [4.3649265, 51.3170599], [4.3649813, 51.3171097], [4.3650372, 51.3171421], [4.3651244, 51.3171781], [4.3653544, 51.3172347], [4.3654521, 51.3172664], [4.3655301, 51.3173056], [4.3661653, 51.3176866], [4.3661704, 51.3176875], [4.3662646, 51.3177327], [4.3663553, 51.3177663], [4.3664519, 51.317787], [4.3665321, 51.3177916], [4.3666352, 51.3177833], [4.3670133, 51.3177413], [4.3671064, 51.3177414], [4.3672012, 51.3177605], [4.3672743, 51.3177935], [4.3684027, 51.3185012], [4.3709455, 51.3200769], [4.3712707, 51.3202921], [4.3739836, 51.321972], [4.374045, 51.3220014], [4.3741101, 51.3220191], [4.3741832, 51.3220269], [4.3742508, 51.3220192], [4.3742933, 51.3220038], [4.3743372, 51.3219789]], [[4.37534, 51.3224688], [4.3753811, 51.3226403], [4.375664, 51.3227475], [4.3764362, 51.3230403], [4.3765016, 51.3230881], [4.3765392, 51.323119], [4.3766411, 51.3231616], [4.3771658, 51.3233331], [4.377718, 51.323499], [4.3778279, 51.323532], [4.3781324, 51.3236844], [4.3803132, 51.3247758], [4.380581, 51.324911], [4.3816669, 51.325459], [4.3827941, 51.3260203], [4.3829473, 51.326096], [4.3836256, 51.326429], [4.3837372, 51.3264836], [4.3838247, 51.3265293], [4.3838937, 51.3265662], [4.383984, 51.3266146], [4.3842035, 51.3267227], [4.3842323, 51.3267372], [4.3850634, 51.327154], [4.388597, 51.3289263], [4.3902714, 51.3297799], [4.3917171, 51.3305074]]]}}, {"type": "Feature", "properties": {"name": "A.C.Swinnesstraat", "street_id": "7258", "municipality": "Stabroek", "nis": "11044", "geometry_source": "osm_way", "length_m": 77.5, "osm_way_ids": [7241716], "highway_types": ["residential"], "lat": 51.3557301, "lon": 4.3941826}, "geometry": {"type": "MultiLineString", "coordinates": [[[4.3936516, 51.3556442], [4.3938415, 51.3556648], [4.3939716, 51.3556831], [4.3940732, 51.3556974], [4.3943103, 51.3557433], [4.394706, 51.3558542]]]}}, {"type": "Feature", "properties": {"name": "Aalmoezenier Cuyperslaan", "street_id": "7259", "municipality": "Stabroek", "nis": "11044", "geometry_source": "osm_way", "length_m": 593.7, "osm_way_ids": [161163837, 161163838, 223667308, 223667309], "highway_types": ["residential"], "lat": 51.3275017, "lon": 4.3733425}, "geometry": {"type": "MultiLineString", "coordinates": [[[4.3713407, 51.32909], [4.371154, 51.3290033]], [[4.3758768, 51.3254095], [4.3748882, 51.3262062], [4.3742262, 51.3267667], [4.3735623, 51.327322], [4.3731589, 51.3276448], [4.3727811, 51.3279703], [4.3723224, 51.3283358], [4.3721601, 51.3283869], [4.3716762, 51.3288089], [4.3713407, 51.32909], [4.3715072, 51.3291678]], [[4.3716762, 51.3288089], [4.3721837, 51.3290485]]]}}, {"type": "Feature", "properties": {"name": "Abelenlaan", "street_id": "7260", "municipality": "Stabroek", "nis": "11044", "geometry_source": "osm_way", "length_m": 371.2, "osm_way_ids": [35476473], "highway_types": ["residential"], "lat": 51.3130186, "lon": 4.405169}, "geometry": {"type": "MultiLineString", "coordinates": [[[4.4036857, 51.3144028], [4.4040818, 51.3140332], [4.4049194, 51.3132517], [4.4065088, 51.3117686], [4.4066487, 51.3116307]]]}}, {"type": "Feature", "properties": {"name": "Abtsdreef", "street_id": "7261", "municipality": "Stabroek", "nis": "11044", "geometry_source": "osm_way", "length_m": 2044.1, "osm_way_ids": [38572435, 40454282, 161231619, 164449928, 247873105, 247873107, 247884881, 285096556, 1029072321], "highway_types": ["tertiary"], "lat": 51.3382847, "lon": 4.3539389}, "geometry": {"type": "MultiLineString", "coordinates": [[[4.3451836, 51.3451181], [4.3452173, 51.344841], [4.3452934, 51.3443636], [4.3453, 51.3443218], [4.3453127, 51.3442899], [4.3453313, 51.3442556], [4.3453636, 51.3442212], [4.3454088, 51.3441852], [4.345459, 51.344156], [4.3455195, 51.3441393], [4.3455813, 51.3441295], [4.3456406, 51.3441297], [4.3461988, 51.3441801], [4.3462644, 51.3441828], [4.3463458, 51.3441816], [4.3464326, 51.3441725], [4.3465085, 51.3441559], [4.3465839, 51.3441338], [4.3466418, 51.3441087], [4.3466951, 51.3440782], [4.3469818, 51.3438399], [4.3474415, 51.3433866], [4.350143, 51.3411878], [4.3507066, 51.3407475], [4.3513835, 51.3402021], [4.3519923, 51.3397147], [4.3537363, 51.3383225], [4.3548829, 51.3373934], [4.3549958, 51.3372991], [4.355186, 51.3371401], [4.3554242, 51.3369664], [4.3556727, 51.3367814], [4.3560573, 51.3365208], [4.3575221, 51.33572], [4.3578198, 51.3355568], [4.3578647, 51.3355229], [4.3581297, 51.3353309], [4.3582142, 51.3352587], [4.3582902, 51.335201], [4.3598666, 51.3339275], [4.3599291, 51.3338784], [4.3612767, 51.3328267], [4.3616246, 51.3325516], [4.3617063, 51.332489], [4.3619483, 51.3322757], [4.3620462, 51.3321686], [4.3621205, 51.3320678], [4.3621875, 51.3319526], [4.3622533, 51.3318351], [4.3623872, 51.3315617], [4.362445, 51.3314564], [4.3624946, 51.3313763], [4.3626552, 51.3311647], [4.3627143, 51.3311141], [4.3628269, 51.3310614]]]}}, {"type": "Feature", "properties": {"name": "Acacialaan", "street_id": "7262", "municipality": "Stabroek", "nis": "11044", "geometry_source": "osm_way", "length_m": 191.4, "osm_way_ids": [28549208], "highway_types": ["residential"], "lat": 51.3112481, "lon": 4.4014871}, "geometry": {"type": "MultiLineString", "coordinates": [[[4.4022723, 51.3105391], [4.4018162, 51.3109588], [4.401065, 51.3116279], [4.4006908, 51.3119445]]]}}, {"type": "Feature", "properties": {"name": "Akkerstraat", "street_id": "7263", "municipality": "Stabroek", "nis": "11044", "geometry_source": "osm_way", "length_m": 629.6, "osm_way_ids": [32348954, 32348979, 164828720], "highway_types": ["cycleway", "living_street", "residential"], "lat": 51.3078609, "lon": 4.4000372}, "geometry": {"type": "MultiLineString", "coordinates": [[[4.3975481, 51.3101943], [4.3977076, 51.3100331], [4.397732, 51.3099786], [4.3977735, 51.3099012], [4.3989784, 51.3088382], [4.4001415, 51.30777], [4.4005577, 51.3073883], [4.4006437, 51.3073134], [4.4009026, 51.3070801], [4.4015398, 51.3065194], [4.4018697, 51.3062316], [4.4019186, 51.3061794], [4.4022239, 51.3058], [4.4023589, 51.3056323], [4.4024647, 51.3054664]]]}}, {"type": "Feature", "properties": {"name": "Antwerpse Steenweg", "street_id": "7264", "municipality": "Stabroek", "nis": "11044", "geometry_source": "osm_way", "length_m": 611.9, "osm_way_ids": [23166387, 75339482, 388874874], "highway_types": ["residential", "secondary"], "lat": 51.3049023, "lon": 4.40892}, "geometry": {"type": "MultiLineString", "coordinates": [[[4.407304, 51.307083], [4.4074103, 51.3070507], [4.4075069, 51.3070033], [4.4076106, 51.3069447], [4.4076579, 51.3069151], [4.4077506, 51.3068444], [4.4079583, 51.3066379], [4.4080579, 51.3065306], [4.4081003, 51.3064808], [4.4083937, 51.3060159], [4.409423, 51.304182], [4.4094549, 51.3041222], [4.409538, 51.3039831], [4.4098455, 51.3033548], [4.409904, 51.3032525], [4.4099553, 51.3031632], [4.4100069, 51.3030729]], [[4.4094549, 51.3041222], [4.4093049, 51.3040869], [4.4091913, 51.3040207], [4.4096371, 51.3032153], [4.4096748, 51.3031816]]]}}, {"type": "Feature", "properties": {"name": "August Huybrechtslaan", "street_id": "213775", "municipality": "Stabroek", "nis": "11044", "geometry_source": "osm_way", "length_m": 312.4, "osm_way_ids": [544220813, 706463245], "highway_types": ["residential"], "lat": 51.3044464, "lon": 4.4041659}, "geometry": {"type": "MultiLineString", "coordinates": [[[4.4033127, 51.3057103], [4.4033379, 51.3056731], [4.4033457, 51.3056598], [4.4033588, 51.3056405], [4.4036267, 51.3052787], [4.4036607, 51.3052213], [4.4038507, 51.3049003], [4.4040387, 51.304596], [4.4040895, 51.3045137], [4.4041446, 51.3044312], [4.4042164, 51.3044273], [4.4042969, 51.3043967], [4.4043248, 51.304349], [4.4047246, 51.3035693], [4.4049335, 51.3031624], [4.4049234, 51.3031388]]]}}, {"type": "Feature", "properties": {"name": "Begijnhof", "street_id": "7265", "municipality": "Stabroek", "nis": "11044", "geometry_source": "osm_way", "length_m": 127.7, "osm_way_ids": [75326318], "highway_types": ["residential"], "lat": 51.3306907, "lon": 4.3665903}, "geometry": {"type": "MultiLineString", "coordinates": [[[4.3672371, 51.3310886], [4.3671878, 51.3310625], [4.3671232, 51.3310281], [4.3668285, 51.3308719], [4.3668086, 51.3308372], [4.3667742, 51.3307769], [4.3666468, 51.330704], [4.366281, 51.3304948], [4.3659352, 51.330297]]]}}, {"type": "Feature", "properties": {"name": "Berkenlaan", "street_id": "7266", "municipality": "Stabroek", "nis": "11044", "geometry_source": "osm_way", "length_m": 1029.7, "osm_way_ids": [28549273, 28709670, 285102005, 285102007, 389258213, 389258215, 389258218], "highway_types": ["residential"], "lat": 51.31114, "lon": 4.402948}, "geometry": {"type": "MultiLineString", "coordinates": [[[4.4020113, 51.3120182], [4.4011343, 51.3127227], [4.4006855, 51.3131125], [4.399954, 51.3137995], [4.3994087, 51.3142831], [4.3992555, 51.314429]], [[4.4020113, 51.3120182], [4.4020196, 51.3118979], [4.4026738, 51.3112606], [4.402879, 51.3112306]], [[4.402879, 51.3112306], [4.4028737, 51.3113454], [4.4021918, 51.3119743], [4.4020113, 51.3120182]], [[4.4067493, 51.3077041], [4.4067069, 51.3077445], [4.4060431, 51.3083626], [4.4059523, 51.3084456], [4.4041613, 51.3100606], [4.4040786, 51.3101459], [4.4039829, 51.3102452], [4.4038868, 51.3103303], [4.4036445, 51.3105353], [4.402879, 51.3112306]]]}}, {"type": "Feature", "properties": {"name": "Beukenlaan", "street_id": "7267", "municipality": "Stabroek", "nis": "11044", "geometry_source": "osm_way", "length_m": 444.9, "osm_way_ids": [32348541, 285102010, 285102012], "highway_types": ["residential"], "lat": 51.311283, "lon": 4.4094713}, "geometry": {"type": "MultiLineString", "coordinates": [[[4.4111713, 51.3095879], [4.4111387, 51.3096358], [4.410446, 51.3103304], [4.4098093, 51.3109509], [4.4091904, 51.3115508], [4.4091815, 51.3115596], [4.4090686, 51.3116709], [4.4088635, 51.3118905], [4.4087332, 51.3120265], [4.4083817, 51.3123579], [4.4082479, 51.3124809], [4.4077559, 51.3129637]]]}}, {"type": "Feature", "properties": {"name": "Binnenpad", "street_id": "7268", "municipality": "Stabroek", "nis": "11044", "geometry_source": "osm_way", "length_m": 445.6, "osm_way_ids": [115863135, 161166749, 223667310, 248917924, 723832243], "highway_types": ["path", "residential"], "lat": 51.3315318, "lon": 4.373822}, "geometry": {"type": "MultiLineString", "coordinates": [[[4.3710998, 51.3305332], [4.3711877, 51.330532], [4.3712782, 51.3305307], [4.3713199, 51.3305361], [4.3713553, 51.3305447], [4.3715363, 51.3306169], [4.3724684, 51.3309913], [4.372593, 51.331043], [4.3726975, 51.3310846], [4.3728018, 51.3311261], [4.3734665, 51.3313885], [4.3738362, 51.3315344], [4.3739313, 51.3315728], [4.3749355, 51.3319787], [4.3750057, 51.3320007], [4.3753046, 51.3321198], [4.3765291, 51.3326079]]]}}, {"type": "Feature", "properties": {"name": "Binnenpadplein", "street_id": "7269", "municipality": "Stabroek", "nis": "11044", "geometry_source": "osm_way", "length_m": 148.7, "osm_way_ids": [75326377, 164549553], "highway_types": ["residential", "unclassified"], "lat": 51.3306518, "lon": 4.3706069}, "geometry": {"type": "MultiLineString", "coordinates": [[[4.3700534, 51.3305241], [4.3701723, 51.3305647], [4.3703661, 51.3305584], [4.3710998, 51.3305332]], [[4.3703661, 51.3305584], [4.3708187, 51.3307828], [4.3708324, 51.3307994], [4.3708285, 51.3308205], [4.3708153, 51.3308406], [4.3705774, 51.3310374]]]}}, {"type": "Feature", "properties": {"name": "Binnenweg", "street_id": "7270", "municipality": "Stabroek", "nis": "11044", "geometry_source": "osm_way", "length_m": 99.5, "osm_way_ids": [556383848, 560572820], "highway_types": ["footway"], "lat": 51.3058867, "lon": 4.4027808}, "geometry": {"type": "MultiLineString", "coordinates": [[[4.4022239, 51.3058], [4.4026248, 51.3059031], [4.4030066, 51.3060155], [4.4032278, 51.3056856]]]}}, {"type": "Feature", "properties": {"name": "Blokweg", "street_id": "7271", "municipality": "Stabroek", "nis": "11044", "geometry_source": "osm_way", "length_m": 934.3, "osm_way_ids": [146001481, 278474003, 1263719401], "highway_types": ["track", "unclassified"], "lat": 51.3005109, "lon": 4.3986662}, "geometry": {"type": "MultiLineString", "coordinates": [[[4.402231, 51.2984642], [4.4020294, 51.2985401], [4.4019405, 51.298594], [4.4018747, 51.298677], [4.4010673, 51.300713], [4.400975, 51.3007604], [4.4008778, 51.3007771], [4.4007847, 51.3007624], [4.3974169, 51.2998103], [4.39723, 51.2998632], [4.3958335, 51.3020143], [4.3957791, 51.3020881], [4.3956904, 51.3021928], [4.3951541, 51.3026112], [4.3949684, 51.3028262], [4.3949519, 51.3028602]]]}}, {"type": "Feature", "properties": {"name": "Bos", "street_id": "7272", "municipality": "Stabroek", "nis": "11044", "geometry_source": "osm_way", "length_m": 258.4, "osm_way_ids": [164549550, 164549554, 223667311], "highway_types": ["living_street"], "lat": 51.3292969, "lon": 4.3689927}, "geometry": {"type": "MultiLineString", "coordinates": [[[4.3679934, 51.3300788], [4.3685533, 51.3296239], [4.3688664, 51.3297785]], [[4.3700991, 51.3287124], [4.3697959, 51.3285838], [4.3690931, 51.3291704], [4.3685652, 51.3295915]]]}}, {"type": "Feature", "properties": {"name": "Boterse Weg", "street_id": "7273", "municipality": "Stabroek", "nis": "11044", "geometry_source": "osm_way", "length_m": 1495.0, "osm_way_ids": [76090186, 223667313], "highway_types": ["track"], "lat": 51.3138071, "lon": 4.3764823}, "geometry": {"type": "MultiLineString", "coordinates": [[[4.3814562, 51.3078486], [4.3796573, 51.3099778], [4.3764634, 51.3138642], [4.3749473, 51.315658], [4.3726835, 51.3183469], [4.3716354, 51.3195841], [4.3714819, 51.3197426]]]}}, {"type": "Feature", "properties": {"name": "Brouwersstraat", "street_id": "7274", "municipality": "Stabroek", "nis": "11044", "geometry_source": "osm_way", "length_m": 518.3, "osm_way_ids": [75326316, 164549557, 164792184, 223667314, 223667315], "highway_types": ["residential", "service"], "lat": 51.3299343, "lon": 4.3664001}, "geometry": {"type": "MultiLineString", "coordinates": [[[4.3643013, 51.3316809], [4.3643699, 51.3316175], [4.3651728, 51.330875], [4.3651986, 51.3308573], [4.3652503, 51.330812], [4.3654554, 51.3306578], [4.3657205, 51.3304585], [4.3659352, 51.330297], [4.3666669, 51.3296979], [4.3668377, 51.3295599], [4.3675155, 51.3290062], [4.3684346, 51.3282332]], [[4.3666669, 51.3296979], [4.3669102, 51.3298198], [4.3670935, 51.3299146]]]}}, {"type": "Feature", "properties": {"name": "Bunderdijklaan", "street_id": "7275", "municipality": "Stabroek", "nis": "11044", "geometry_source": "osm_way", "length_m": 149.8, "osm_way_ids": [50407823, 75393089], "highway_types": ["residential"], "lat": 51.3094296, "lon": 4.3996774}, "geometry": {"type": "MultiLineString", "coordinates": [[[4.3989784, 51.3088382], [4.3998695, 51.3092221]], [[4.3994964, 51.3096444], [4.400373, 51.3100256]]]}}, {"type": "Feature", "properties": {"name": "Burg. J.L. Van der Molenplein", "street_id": "142589", "municipality": "Stabroek", "nis": "11044", "geometry_source": "osm_way", "length_m": 334.2, "osm_way_ids": [75326393, 161163839, 161163974], "highway_types": ["residential"], "lat": 51.3286862, "lon": 4.3733985}, "geometry": {"type": "MultiLineString", "coordinates": [[[4.3734781, 51.3289321], [4.3727546, 51.328586]], [[4.3727811, 51.3279703], [4.373213, 51.328158], [4.3734074, 51.3282194], [4.3736075, 51.3283157], [4.3737441, 51.3284061], [4.3739452, 51.3285033], [4.3737265, 51.3287053], [4.3737017, 51.32877], [4.3734781, 51.3289321], [4.3728479, 51.329461]], [[4.3737017, 51.32877], [4.3741416, 51.328971]]]}}, {"type": "Feature", "properties": {"name": "Burgemeester Hermanslaan", "street_id": "7276", "municipality": "Stabroek", "nis": "11044", "geometry_source": "osm_way", "length_m": 422.2, "osm_way_ids": [161164987, 161164990, 161164993, 223667316, 223667325, 374163706], "highway_types": ["footway", "residential"], "lat": 51.3282639, "lon": 4.3750927}, "geometry": {"type": "MultiLineString", "coordinates": [[[4.3735623, 51.327322], [4.3739667, 51.327501], [4.3745184, 51.3279094], [4.375014, 51.3282763]], [[4.375014, 51.3282763], [4.3751099, 51.3283673]], [[4.375014, 51.3282763], [4.3752836, 51.3281279]], [[4.3751099, 51.3283673], [4.3749492, 51.3284789], [4.3749284, 51.3285286], [4.3749324, 51.3285818], [4.3749766, 51.3286255], [4.3753446, 51.3288008], [4.3753879, 51.3288211], [4.375648, 51.3289363], [4.3757895, 51.3289312], [4.3764475, 51.3283604]], [[4.3757644, 51.3280796], [4.3752146, 51.3283643], [4.3751099, 51.3283673]]]}}, {"type": "Feature", "properties": {"name": "Buxuslaan", "street_id": "143085", "municipality": "Stabroek", "nis": "11044", "geometry_source": "osm_way", "length_m": 399.6, "osm_way_ids": [28549495], "highway_types": ["residential"], "lat": 51.3133018, "lon": 4.3986719}, "geometry": {"type": "MultiLineString", "coordinates": [[[4.4003126, 51.3118219], [4.4002895, 51.3118439], [4.3999225, 51.3121757], [4.3996113, 51.3124533], [4.3981668, 51.3137678], [4.3980289, 51.3139076], [4.397009, 51.3147558]]]}}, {"type": "Feature", "properties": {"name": "Buynderpad", "street_id": "228334", "municipality": "Stabroek", "nis": "11044", "geometry_source": "osm_way", "length_m": 480.3, "osm_way_ids": [907151217, 907162203], "highway_types": ["cycleway", "track"], "lat": 51.3063372, "lon": 4.4121799}, "geometry": {"type": "MultiLineString", "coordinates": [[[4.4099433, 51.3072425], [4.4099875, 51.3072569], [4.4102181, 51.3070473], [4.4107975, 51.3073198], [4.4128318, 51.3055595], [4.4137199, 51.3059891], [4.4142911, 51.3055616], [4.4144554, 51.3054633]]]}}, {"type": "Feature", "properties": {"name": "Canadalaan", "street_id": "7277", "municipality": "Stabroek", "nis": "11044", "geometry_source": "osm_way", "length_m": 852.5, "osm_way_ids": [7241716, 7241790, 76578960, 1358345429], "highway_types": ["residential", "unclassified"], "lat": 51.3312104, "lon": 4.3988458}, "geometry": {"type": "MultiLineString", "coordinates": [[[4.386709, 51.3547899], [4.38917, 51.3552487], [4.3893478, 51.3552829], [4.3893996, 51.3552928], [4.3895918, 51.3553286], [4.3898499, 51.3553651]], [[4.3936516, 51.3556442], [4.3938415, 51.3556648], [4.3939716, 51.3556831], [4.3940732, 51.3556974], [4.3943103, 51.3557433], [4.394706, 51.3558542]], [[4.4031379, 51.3160823], [4.4034948, 51.3157697], [4.4038361, 51.3154561], [4.4038519, 51.3154416], [4.404564, 51.3147803], [4.4054534, 51.3139229], [4.4073804, 51.3121148], [4.4075068, 51.3119986]]]}}, {"type": "Feature", "properties": {"name": "Ceciliasteegje", "street_id": "229262", "municipality": "Stabroek", "nis": "11044", "geometry_source": "osm_way", "length_m": 61.9, "osm_way_ids": [195781505], "highway_types": ["cycleway"], "lat": 51.330693, "lon": 4.3648407}, "geometry": {"type": "MultiLineString", "coordinates": [[[4.3644827, 51.3305288], [4.3645318, 51.3305513], [4.3651709, 51.3308446], [4.3651986, 51.3308573]]]}}, {"type": "Feature", "properties": {"name": "Cederlaan", "street_id": "7278", "municipality": "Stabroek", "nis": "11044", "geometry_source": "osm_way", "length_m": 73.4, "osm_way_ids": [35129357], "highway_types": ["residential"], "lat": 51.3098725, "lon": 4.4037293}, "geometry": {"type": "MultiLineString", "coordinates": [[[4.4032974, 51.3096843], [4.4041613, 51.3100606]]]}}, {"type": "Feature", "properties": {"name": "Conservenweg", "street_id": "165026", "municipality": "Stabroek", "nis": "11044", "geometry_source": "osm_way", "length_m": 1370.9, "osm_way_ids": [246433741, 723834585, 723834586, 723834587, 723834588], "highway_types": ["residential"], "lat": 51.3283307, "lon": 4.3649885}, "geometry": {"type": "MultiLineString", "coordinates": [[[4.3615991, 51.3305305], [4.3616246, 51.3305048], [4.3616581, 51.3304717], [4.3616799, 51.3304503], [4.3616955, 51.3304351], [4.3623693, 51.329845], [4.3629336, 51.329382], [4.3630243, 51.3293073], [4.3635563, 51.3288705], [4.3635651, 51.3288633], [4.3642051, 51.3283377], [4.3642208, 51.3283252], [4.364284, 51.3282752], [4.3652967, 51.3274266], [4.3663757, 51.3265225], [4.3675408, 51.3270857], [4.3664929, 51.3279861], [4.365763, 51.3286133], [4.365438, 51.3288758], [4.3647925, 51.3294202], [4.3641666, 51.3291291], [4.3635651, 51.3288633]], [[4.3641666, 51.3291291], [4.3648019, 51.3285885]], [[4.365438, 51.3288758], [4.3648019, 51.3285885], [4.3642208, 51.3283252]], [[4.3652967, 51.3274266], [4.3664929, 51.3279861]]]}}, {"type": "Feature", "properties": {"name": "Danckerse Weg", "street_id": "7279", "municipality": "Stabroek", "nis": "11044", "geometry_source": "osm_way", "length_m": 1716.1, "osm_way_ids": [38572600, 132957502, 132957503, 425529338, 756545582, 1392924632], "highway_types": ["unclassified"], "lat": 51.3453919, "lon": 4.3740116}, "geometry": {"type": "MultiLineString", "coordinates": [[[4.3820291, 51.3395333], [4.3819351, 51.3396087], [4.3819031, 51.3396355], [4.3816156, 51.3398505], [4.3773889, 51.3429238], [4.377028, 51.3431949], [4.3740294, 51.3454006], [4.3704711, 51.3479713], [4.366204, 51.3510585], [4.3659816, 51.3512334]]]}}, {"type": "Feature", "properties": {"name": "De Croone", "street_id": "7280", "municipality": "Stabroek", "nis": "11044", "geometry_source": "osm_way", "length_m": 131.8, "osm_way_ids": [26157640], "highway_types": ["residential"], "lat": 51.3492046, "lon": 4.3931505}, "geometry": {"type": "MultiLineString", "coordinates": [[[4.3922586, 51.349008], [4.3940101, 51.3493941], [4.3940423, 51.3494012]]]}}, {"type": "Feature", "properties": {"name": "De Helle", "street_id": "7281", "municipality": "Stabroek", "nis": "11044", "geometry_source": "osm_way", "length_m": 109.5, "osm_way_ids": [26157387], "highway_types": ["residential"], "lat": 51.3477489, "lon": 4.3948975}, "geometry": {"type": "MultiLineString", "coordinates": [[[4.394622, 51.3482096], [4.395173, 51.3472883]]]}}, {"type": "Feature", "properties": {"name": "De Pretlaan", "street_id": "7282", "municipality": "Stabroek", "nis": "11044", "geometry_source": "osm_way", "length_m": 331.6, "osm_way_ids": [23540238, 26157327, 26157334, 1347063290, 1347063291], "highway_types": ["residential"], "lat": 51.3464566, "lon": 4.3933025}, "geometry": {"type": "MultiLineString", "coordinates": [[[4.3922819, 51.3459434], [4.3920585, 51.3458967], [4.39176, 51.3458296]], [[4.391844, 51.3456929], [4.3922819, 51.3459434]], [[4.3922819, 51.3459434], [4.3928113, 51.346206], [4.3942048, 51.3469145], [4.394608, 51.3471118], [4.395173, 51.3472883]]]}}, {"type": "Feature", "properties": {"name": "Dennenlaan", "street_id": "7283", "municipality": "Stabroek", "nis": "11044", "geometry_source": "osm_way", "length_m": 82.2, "osm_way_ids": [35129352], "highway_types": ["residential"], "lat": 51.3104545, "lon": 4.4044685}, "geometry": {"type": "MultiLineString", "coordinates": [[[4.4049542, 51.3106638], [4.4039829, 51.3102452]]]}}, {"type": "Feature", "properties": {"name": "Dijkstraat", "street_id": "7284", "municipality": "Stabroek", "nis": "11044", "geometry_source": "osm_way", "length_m": 421.1, "osm_way_ids": [28549622, 1178554367], "highway_types": ["tertiary"], "lat": 51.301802, "lon": 4.3912465}, "geometry": {"type": "MultiLineString", "coordinates": [[[4.3891343, 51.3004191], [4.3914328, 51.3019698], [4.3921946, 51.302446], [4.3923098, 51.3025009], [4.3933742, 51.3030463], [4.3934253, 51.3030725]]]}}, {"type": "Feature", "properties": {"name": "Domushof", "street_id": "7285", "municipality": "Stabroek", "nis": "11044", "geometry_source": "osm_way", "length_m": 197.2, "osm_way_ids": [75331972], "highway_types": ["living_street"], "lat": 51.3329038, "lon": 4.380544}, "geometry": {"type": "MultiLineString", "coordinates": [[[4.379526, 51.3328431], [4.3796604, 51.3328991], [4.380325, 51.3332091], [4.3804323, 51.3332159], [4.380561, 51.3331622], [4.3814623, 51.3323511]]]}}, {"type": "Feature", "properties": {"name": "Dorpsstraat", "street_id": "7286", "municipality": "Stabroek", "nis": "11044", "geometry_source": "osm_way", "length_m": 868.7, "osm_way_ids": [40454281, 223667318, 223667319, 223667320, 248913612, 248913620, 356004690, 1193081266, 1312829324, 1312829325, 1323571497, 1323571498, 1323571499, 1324363314, 1324363315, 1324363316, 1324399977], "highway_types": ["secondary"], "lat": 51.3332381, "lon": 4.3679974}, "geometry": {"type": "MultiLineString", "coordinates": [[[4.3731677, 51.335414], [4.3729741, 51.3353271], [4.3729608, 51.3353211], [4.3727925, 51.3352514], [4.3726949, 51.3352067], [4.3722328, 51.3350028], [4.3716158, 51.3347453], [4.3715206, 51.3347074], [4.3712258, 51.3345832], [4.370615, 51.334326], [4.3706079, 51.334323], [4.3704574, 51.3342579], [4.3701154, 51.3341145], [4.3698399, 51.3339943], [4.3695971, 51.3338894], [4.3694249, 51.3338131], [4.3692884, 51.3337599], [4.3690681, 51.3336743], [4.368873, 51.3336244], [4.3687852, 51.3335895], [4.3678602, 51.3331994], [4.3676859, 51.3331254], [4.3673768, 51.3329936], [4.3672143, 51.3329276], [4.3670927, 51.3328784], [4.3667868, 51.3327524], [4.3662091, 51.3325083], [4.3660747, 51.3324447], [4.366049, 51.3324325], [4.3660356, 51.3324262], [4.3658575, 51.3323461], [4.3657453, 51.3322996], [4.3655609, 51.3322206], [4.3655512, 51.3322164], [4.3655227, 51.3322034], [4.3653762, 51.3321365], [4.3650941, 51.3320132], [4.3645574, 51.3317873], [4.3645101, 51.3317681], [4.3643013, 51.3316809], [4.3642391, 51.3316552], [4.3641272, 51.3316088], [4.36384, 51.3314896], [4.3633214, 51.331271], [4.3630126, 51.3311374], [4.3628269, 51.3310614]]]}}, {"type": "Feature", "properties": {"name": "Douaneplein", "street_id": "181339", "municipality": "Stabroek", "nis": "11044", "geometry_source": "osm_way", "length_m": 190.0, "osm_way_ids": [398924379], "highway_types": ["pedestrian"], "lat": 51.3556411, "lon": 4.3943706}, "geometry": {"type": "MultiLineString", "coordinates": [[[4.394906, 51.3555897], [4.3947519, 51.3555635], [4.3945012, 51.3555383], [4.3944976, 51.355547], [4.3943147, 51.3555273], [4.3941265, 51.3555066], [4.3940847, 51.3555003], [4.3940409, 51.3554939], [4.3940328, 51.3555207], [4.3938949, 51.355503], [4.393857, 51.3556124], [4.3938415, 51.3556648], [4.3939716, 51.3556831], [4.3940732, 51.3556974], [4.3943103, 51.3557433], [4.394706, 51.3558542], [4.394906, 51.3555897]]]}}, {"type": "Feature", "properties": {"name": "Driehoek", "street_id": "7287", "municipality": "Stabroek", "nis": "11044", "geometry_source": "osm_way", "length_m": 682.8, "osm_way_ids": [23540202, 31112705, 1002081148, 1230297083, 1356453178, 1373008183, 1373008191, 1427340185], "highway_types": ["secondary", "unclassified"], "lat": 51.3463493, "lon": 4.3954783}, "geometry": {"type": "MultiLineString", "coordinates": [[[4.3930678, 51.3451385], [4.392791, 51.3450375], [4.3927268, 51.3450102], [4.3926721, 51.3449832], [4.3926487, 51.3449716], [4.3925612, 51.3449271], [4.3924302, 51.3448587]], [[4.3924936, 51.3448068], [4.3926281, 51.344874], [4.3927113, 51.3449165], [4.3928518, 51.3449881], [4.3929375, 51.3450318], [4.3930678, 51.3451385]], [[4.3971199, 51.3472575], [4.3969131, 51.34715], [4.3967131, 51.347046], [4.3965938, 51.3469865], [4.3962273, 51.3468039], [4.3945741, 51.3459434], [4.39396, 51.3456205], [4.3930678, 51.3451385]], [[4.3985351, 51.3478723], [4.3980711, 51.3477132], [4.3976458, 51.3475149], [4.3975426, 51.3474668], [4.3971199, 51.3472575]], [[4.3971199, 51.3472575], [4.3971966, 51.3471933], [4.3972564, 51.3471432], [4.3975367, 51.3468886], [4.397133, 51.3466976]]]}}, {"type": "Feature", "properties": {"name": "Eduard de Beukelaerlaan", "street_id": "7288", "municipality": "Stabroek", "nis": "11044", "geometry_source": "osm_way", "length_m": 266.7, "osm_way_ids": [75339627, 75339649], "highway_types": ["residential"], "lat": 51.3042867, "lon": 4.4029967}, "geometry": {"type": "MultiLineString", "coordinates": [[[4.4022623, 51.3054093], [4.4022829, 51.3053786], [4.4023126, 51.3053309], [4.4026214, 51.3048516], [4.4028143, 51.3045275], [4.4030555, 51.3041548]], [[4.4031218, 51.3033483], [4.4035207, 51.3034839], [4.4035752, 51.3035229], [4.4035708, 51.3035745], [4.4035221, 51.303698], [4.4032566, 51.3042036]]]}}, {"type": "Feature", "properties": {"name": "Eikenlaan", "street_id": "7289", "municipality": "Stabroek", "nis": "11044", "geometry_source": "osm_way", "length_m": 146.9, "osm_way_ids": [76565294], "highway_types": ["residential"], "lat": 51.3168321, "lon": 4.4030078}, "geometry": {"type": "MultiLineString", "coordinates": [[[4.4024273, 51.3173817], [4.402556, 51.3172673], [4.4035841, 51.3162781]]]}}, {"type": "Feature", "properties": {"name": "Elzenlaan", "street_id": "7290", "municipality": "Stabroek", "nis": "11044", "geometry_source": "osm_way", "length_m": 82.4, "osm_way_ids": [28549234], "highway_types": ["residential"], "lat": 51.3114123, "lon": 4.4005846}, "geometry": {"type": "MultiLineString", "coordinates": [[[4.4001043, 51.3111967], [4.401065, 51.3116279]]]}}, {"type": "Feature", "properties": {"name": "Esdoornlaan", "street_id": "7291", "municipality": "Stabroek", "nis": "11044", "geometry_source": "osm_way", "length_m": 325.4, "osm_way_ids": [49511153], "highway_types": ["residential"], "lat": 51.3348642, "lon": 4.3612414}, "geometry": {"type": "MultiLineString", "coordinates": [[[4.359786, 51.3360075], [4.3615375, 51.3346279], [4.3622795, 51.334056], [4.3623984, 51.3339631], [4.3626966, 51.3337208]]]}}, {"type": "Feature", "properties": {"name": "Essenlaan", "street_id": "7292", "municipality": "Stabroek", "nis": "11044", "geometry_source": "osm_way", "length_m": 130.8, "osm_way_ids": [35129356], "highway_types": ["residential"], "lat": 51.310339, "lon": 4.4029264}, "geometry": {"type": "MultiLineString", "coordinates": [[[4.4022723, 51.3105391], [4.4026593, 51.3101842], [4.4027451, 51.3101507], [4.4036445, 51.3105353]]]}}, {"type": "Feature", "properties": {"name": "Ettenhoven", "street_id": "7293", "municipality": "Stabroek", "nis": "11044", "geometry_source": "osm_way", "length_m": 2626.5, "osm_way_ids": [28549951, 164788445, 223667323, 223667324, 278474004, 644864047, 1178598737, 1178598738, 1322474332, 1322480271, 1322480272], "highway_types": ["residential", "secondary"], "lat": 51.3126067, "lon": 4.3853615}, "geometry": {"type": "MultiLineString", "coordinates": [[[4.3944163, 51.3027423], [4.394373, 51.302686], [4.3941557, 51.3026049], [4.3940619, 51.3025747], [4.3939868, 51.3025785], [4.3938889, 51.3026128], [4.3937407, 51.3027663], [4.3937225, 51.302823], [4.3936495, 51.3028619], [4.3935735, 51.3029323], [4.3934253, 51.3030725], [4.393334, 51.3031826], [4.3933146, 51.3032064], [4.3923929, 51.3042984], [4.3867745, 51.3109191], [4.3818436, 51.3167522], [4.3816237, 51.3170154], [4.3778981, 51.3214113], [4.3774982, 51.3218881], [4.377067, 51.3223967], [4.3767635, 51.3227636], [4.3767324, 51.3228009], [4.3766005, 51.3229552], [4.3765016, 51.3230881]]]}}, {"type": "Feature", "properties": {"name": "Familiestraat", "street_id": "7294", "municipality": "Stabroek", "nis": "11044", "geometry_source": "osm_way", "length_m": 333.5, "osm_way_ids": [161167426], "highway_types": ["residential"], "lat": 51.333786, "lon": 4.3736441}, "geometry": {"type": "MultiLineString", "coordinates": [[[4.3722328, 51.3350028], [4.3723172, 51.3349298], [4.3729229, 51.334378], [4.3737547, 51.3336872], [4.3750747, 51.3325914]]]}}, {"type": "Feature", "properties": {"name": "Felix Sautersstraat", "street_id": "7295", "municipality": "Stabroek", "nis": "11044", "geometry_source": "osm_way", "length_m": 145.3, "osm_way_ids": [75326366, 161163844, 161163853], "highway_types": ["residential"], "lat": 51.3250778, "lon": 4.3752045}, "geometry": {"type": "MultiLineString", "coordinates": [[[4.3752073, 51.3250707], [4.3750342, 51.3250413], [4.3747399, 51.3249557], [4.374697, 51.3249419], [4.3746473, 51.3249238]], [[4.3748169, 51.3247753], [4.3748954, 51.3248258], [4.3751257, 51.3249845], [4.3752073, 51.3250707]], [[4.3752073, 51.3250707], [4.3758768, 51.3254095]]]}}, {"type": "Feature", "properties": {"name": "Frans Hotagstraat", "street_id": "7296", "municipality": "Stabroek", "nis": "11044", "geometry_source": "osm_way", "length_m": 893.9, "osm_way_ids": [23540374, 23540377, 116642533, 143201387], "highway_types": ["residential"], "lat": 51.3383425, "lon": 4.3981875}, "geometry": {"type": "MultiLineString", "coordinates": [[[4.4012772, 51.3398459], [4.4008711, 51.3396445], [4.4004428, 51.3394353], [4.4003336, 51.339382], [4.3988586, 51.3386852], [4.3980484, 51.3382577], [4.3976271, 51.3380571], [4.3972693, 51.3379003], [4.397151, 51.3378418], [4.3962181, 51.3373808], [4.3946077, 51.3365917], [4.3945, 51.3365035], [4.3943276, 51.3364159], [4.3935166, 51.3360159], [4.3932124, 51.3358697], [4.3931775, 51.335843], [4.3931558, 51.3358186]], [[4.4015254, 51.3399927], [4.4013683, 51.339896]], [[4.4033293, 51.3409075], [4.4015888, 51.3400284]]]}}, {"type": "Feature", "properties": {"name": "Frans Oomsplein", "street_id": "7297", "municipality": "Stabroek", "nis": "11044", "geometry_source": "osm_way", "length_m": 123.4, "osm_way_ids": [75339639, 389257563, 1536343869], "highway_types": ["residential", "service"], "lat": 51.3065107, "lon": 4.4046844}, "geometry": {"type": "MultiLineString", "coordinates": [[[4.4050437, 51.3062955], [4.404908, 51.3064484], [4.4047224, 51.3066632], [4.4044863, 51.3065916], [4.4044607, 51.3065839], [4.404323, 51.3065426], [4.4042583, 51.3065225]], [[4.404908, 51.3064484], [4.4048567, 51.3064309], [4.4047843, 51.3064064], [4.4046427, 51.3064376], [4.4045784, 51.3064763], [4.4045012, 51.306573], [4.4044863, 51.3065916]]]}}, {"type": "Feature", "properties": {"name": "Galgenhoek", "street_id": "7298", "municipality": "Stabroek", "nis": "11044", "geometry_source": "osm_way", "length_m": 181.0, "osm_way_ids": [143205876], "highway_types": ["residential"], "lat": 51.3403029, "lon": 4.4025444}, "geometry": {"type": "MultiLineString", "coordinates": [[[4.4034318, 51.3408044], [4.4034867, 51.340751], [4.4017149, 51.3398891], [4.4015585, 51.3400131]]]}}, {"type": "Feature", "properties": {"name": "Galgenveld", "street_id": "7299", "municipality": "Stabroek", "nis": "11044", "geometry_source": "osm_way", "length_m": 617.9, "osm_way_ids": [150635104, 150635105, 150635106, 176506572], "highway_types": ["residential"], "lat": 51.3388389, "lon": 4.402433}, "geometry": {"type": "MultiLineString", "coordinates": [[[4.4009439, 51.3386784], [4.4015055, 51.3389274], [4.4018061, 51.3390798], [4.4019676, 51.3391503], [4.4020541, 51.3391803]], [[4.4012454, 51.3378566], [4.4026966, 51.3385508], [4.404818830829251, 51.33960413289002]], [[4.4026966, 51.3385508], [4.4021555, 51.3390679], [4.4020541, 51.3391803], [4.4020162, 51.339233], [4.4019892, 51.3392625], [4.4013269, 51.3398705]], [[4.4012311, 51.3378679], [4.4012117, 51.3378757], [4.4011894, 51.3378793], [4.4011664, 51.3378783], [4.4011451, 51.3378727], [4.4011277, 51.3378633], [4.4011161, 51.3378508], [4.4011113, 51.3378367], [4.401114, 51.3378224], [4.4011244, 51.3378088], [4.4011414, 51.3377982], [4.4011631, 51.3377916], [4.401187, 51.33779], [4.4012105, 51.3377933], [4.4012309, 51.3378014], [4.4012458, 51.3378132], [4.4012537, 51.3378274], [4.4012536, 51.3378424], [4.4012454, 51.3378566], [4.4012311, 51.3378679]]]}}, {"type": "Feature", "properties": {"name": "Geelvinckstraat", "street_id": "7300", "municipality": "Stabroek", "nis": "11044", "geometry_source": "osm_way", "length_m": 629.2, "osm_way_ids": [75326382, 164791949, 164791953], "highway_types": ["residential"], "lat": 51.331557, "lon": 4.3721256}, "geometry": {"type": "MultiLineString", "coordinates": [[[4.3694249, 51.3338131], [4.3694885, 51.3337491], [4.3699817, 51.3333236], [4.3700508, 51.3333053], [4.370847, 51.3326354], [4.3712407, 51.3323027], [4.3715695, 51.3320238], [4.3724969, 51.3312495], [4.3726105, 51.3311558], [4.3726975, 51.3310846], [4.3727619, 51.3310264], [4.3728576, 51.3309487], [4.3748245, 51.32929]]]}}, {"type": "Feature", "properties": {"name": "Glashoevelaan", "street_id": "7301", "municipality": "Stabroek", "nis": "11044", "geometry_source": "osm_way", "length_m": 314.5, "osm_way_ids": [75339739], "highway_types": ["residential"], "lat": 51.3343217, "lon": 4.3792096}, "geometry": {"type": "MultiLineString", "coordinates": [[[4.3810247, 51.3351625], [4.3803903, 51.3348669], [4.3774756, 51.3335203], [4.3773921, 51.3334863]]]}}, {"type": "Feature", "properties": {"name": "Grimaldilaan", "street_id": "7302", "municipality": "Stabroek", "nis": "11044", "geometry_source": "osm_way", "length_m": 1163.7, "osm_way_ids": [75339705, 75390831, 75390837, 75390854, 75390918, 115877850, 285093986, 285093987], "highway_types": ["residential"], "lat": 51.3316403, "lon": 4.3796664}, "geometry": {"type": "MultiLineString", "coordinates": [[[4.3837183, 51.3282412], [4.3817403, 51.3298722], [4.3816275, 51.3299619], [4.3809801, 51.330508], [4.3803136, 51.3310701], [4.3802016, 51.3311514], [4.378195, 51.3328095], [4.3779359, 51.3330302], [4.3777493, 51.3331905], [4.3773921, 51.3334863], [4.3769991, 51.333799], [4.3766581, 51.3340824], [4.3765629, 51.3341627], [4.3761175, 51.3345349], [4.3758157, 51.3347869], [4.3758006, 51.3348273]], [[4.3766847, 51.3342458], [4.3766529, 51.3343159], [4.3762925, 51.3346167], [4.3759389, 51.3349235]], [[4.3818026, 51.3300416], [4.3804622, 51.3311401]]]}}, {"type": "Feature", "properties": {"name": "Groene-Swaenlaan", "street_id": "7303", "municipality": "Stabroek", "nis": "11044", "geometry_source": "osm_way", "length_m": 530.3, "osm_way_ids": [75331951, 75331952, 285093988, 285093989, 285098165], "highway_types": ["residential"], "lat": 51.3332005, "lon": 4.3831407}, "geometry": {"type": "MultiLineString", "coordinates": [[[4.3810247, 51.3351625], [4.3816849, 51.3345758], [4.3818142, 51.33446], [4.3844453, 51.3321621], [4.384729, 51.3319077], [4.3847651, 51.3318642], [4.3847615, 51.3318051], [4.3843841, 51.3316271], [4.3839129, 51.3314127]]]}}, {"type": "Feature", "properties": {"name": "Grote Molenweg", "street_id": "7304", "municipality": "Stabroek", "nis": "11044", "geometry_source": "osm_way", "length_m": 1297.4, "osm_way_ids": [28550182, 115913035, 285093990, 285093992, 1465395190], "highway_types": ["tertiary", "unclassified"], "lat": 51.3310485, "lon": 4.3784166}, "geometry": {"type": "MultiLineString", "coordinates": [[[4.376692, 51.3324683], [4.3766603, 51.3324983], [4.3765291, 51.3326079], [4.3754506, 51.3334918], [4.3753454, 51.3335849], [4.3736872, 51.334972], [4.3732797, 51.3353271], [4.373276, 51.33533], [4.3731677, 51.335414]], [[4.376692, 51.3324683], [4.3771271, 51.3326636], [4.3771744, 51.3326862]], [[4.3838247, 51.3265293], [4.3837948, 51.3265541], [4.383688, 51.3266258], [4.3805194, 51.3292708], [4.3804091, 51.3293688], [4.3792572, 51.330336], [4.3786256, 51.3308599], [4.378495, 51.3309772], [4.376692, 51.3324683]], [[4.3771271, 51.3326636], [4.3772901, 51.3325225]]]}}, {"type": "Feature", "properties": {"name": "Haagdoornlaan", "street_id": "7305", "municipality": "Stabroek", "nis": "11044", "geometry_source": "osm_way", "length_m": 440.2, "osm_way_ids": [124335862], "highway_types": ["residential"], "lat": 51.3147822, "lon": 4.4019061}, "geometry": {"type": "MultiLineString", "coordinates": [[[4.399954, 51.3137995], [4.4001482, 51.3138804], [4.4021172, 51.314739], [4.4016714, 51.3151689], [4.4022381, 51.3154059], [4.4026999, 51.3149827], [4.4038361, 51.3154561]]]}}, {"type": "Feature", "properties": {"name": "Hasenpad", "street_id": "143006", "municipality": "Stabroek", "nis": "11044", "geometry_source": "osm_way", "length_m": 1214.0, "osm_way_ids": [75339716, 76565292, 162961292, 223667326, 285092091, 285093193, 477664547, 932904950], "highway_types": ["path", "unclassified"], "lat": 51.3350271, "lon": 4.3868741}, "geometry": {"type": "MultiLineString", "coordinates": [[[4.3917171, 51.3305074], [4.39158, 51.3305991], [4.3915554, 51.3306242], [4.3915367, 51.3306533], [4.3915221, 51.3306868], [4.3914567, 51.3310241], [4.3914449, 51.331054], [4.391425, 51.3310793], [4.391399, 51.3311066], [4.390699, 51.3317075], [4.3896462, 51.3326233], [4.3885179, 51.3335995], [4.3871558, 51.3347831], [4.3860933, 51.3357204], [4.3858911, 51.3358954], [4.3856796, 51.3360784], [4.3853372, 51.3363763], [4.3845918, 51.3370393], [4.3844719, 51.337137], [4.3830766, 51.3383533], [4.382721, 51.3386609], [4.3819359, 51.3393214], [4.3819283, 51.3393288], [4.3818952, 51.3393612], [4.3818283, 51.3394317]]]}}, {"type": "Feature", "properties": {"name": "Het Rekkepad", "street_id": "228335", "municipality": "Stabroek", "nis": "11044", "geometry_source": "osm_way", "length_m": 106.2, "osm_way_ids": [75393129], "highway_types": ["cycleway"], "lat": 51.3038255, "lon": 4.4011103}, "geometry": {"type": "MultiLineString", "coordinates": [[[4.4005798, 51.3035233], [4.4006921, 51.3035908], [4.4006729, 51.3036125], [4.4006538, 51.3036437], [4.400669, 51.3036641], [4.4010557, 51.3038223], [4.4015348, 51.3040064], [4.4016591, 51.3040324], [4.4017423, 51.3040358]]]}}, {"type": "Feature", "properties": {"name": "Heuvels", "street_id": "7306", "municipality": "Stabroek", "nis": "11044", "geometry_source": "osm_way", "length_m": 838.2, "osm_way_ids": [23540394, 23540401, 23540405, 23540408, 888226816], "highway_types": ["residential"], "lat": 51.3334419, "lon": 4.3920435}, "geometry": {"type": "MultiLineString", "coordinates": [[[4.3915398, 51.3335272], [4.3914605, 51.3335792], [4.3913838, 51.3336173], [4.3908077, 51.3337856], [4.3907586, 51.3338126], [4.3907192, 51.3338531], [4.3907133, 51.3338875], [4.3907506, 51.333908], [4.3908083, 51.3339395], [4.3908546, 51.3339906]], [[4.3918473, 51.3327785], [4.391827, 51.3333407], [4.3918504, 51.3334133], [4.392026, 51.333559], [4.3924804, 51.3339692]], [[4.3924804, 51.3339692], [4.3922236, 51.3338807], [4.3915969, 51.3335766], [4.3915398, 51.3335272], [4.3915254, 51.333463], [4.3915405, 51.3333947], [4.3917669, 51.3328634], [4.3918473, 51.3327785]], [[4.3918473, 51.3327785], [4.3919019, 51.3318525], [4.3919693, 51.3309168], [4.3920306, 51.3308543], [4.392051, 51.3308335]], [[4.3931558, 51.3358186], [4.3931311, 51.33578], [4.3931086, 51.3357335], [4.3930562, 51.3355773], [4.3930017, 51.3353317], [4.3929373, 51.3350414], [4.3928443, 51.3343299], [4.3928328, 51.3342742], [4.3927844, 51.3342133], [4.3924804, 51.3339692]]]}}, {"type": "Feature", "properties": {"name": "Hinkelpad", "street_id": "140524", "municipality": "Stabroek", "nis": "11044", "geometry_source": "osm_way", "length_m": 93.3, "osm_way_ids": [35129360], "highway_types": ["cycleway"], "lat": 51.3090777, "lon": 4.4086927}, "geometry": {"type": "MultiLineString", "coordinates": [[[4.4083256, 51.3094282], [4.4090598, 51.3087272]]]}}, {"type": "Feature", "properties": {"name": "Hoenderhoekweg", "street_id": "7307", "municipality": "Stabroek", "nis": "11044", "geometry_source": "osm_way", "length_m": 493.9, "osm_way_ids": [76355562], "highway_types": ["track"], "lat": 51.3153082, "lon": 4.3791535}, "geometry": {"type": "MultiLineString", "coordinates": [[[4.3764634, 51.3138642], [4.3818436, 51.3167522]]]}}, {"type": "Feature", "properties": {"name": "Hoge Weg", "street_id": "7308", "municipality": "Stabroek", "nis": "11044", "geometry_source": "osm_way", "length_m": 2745.1, "osm_way_ids": [23241019, 164828361, 164829405, 164829406, 223667327, 223667328, 383409275, 955283403, 1075547238, 1153265385, 1305891391, 1324355222, 1324355223], "highway_types": ["residential", "tertiary"], "lat": 51.3164707, "lon": 4.3939446}, "geometry": {"type": "MultiLineString", "coordinates": [[[4.3838247, 51.3265293], [4.3838681, 51.3265089], [4.383984, 51.3264547], [4.3844563, 51.3262326], [4.384641, 51.3261364], [4.3847345, 51.3260798], [4.3848261, 51.3260157], [4.3897699, 51.320668], [4.3900339, 51.3203892], [4.3906801, 51.3196875], [4.3912195, 51.3191036], [4.3929715, 51.3172074], [4.394514, 51.3155187], [4.3945667, 51.3154609], [4.3947234, 51.3152854], [4.3949926, 51.3149895], [4.3953778, 51.3145113], [4.3955691, 51.3142739], [4.3956225, 51.3142023]], [[4.3842035, 51.3267227], [4.3842252, 51.326699], [4.3845451, 51.326349], [4.3846459, 51.3262388]], [[4.3958274, 51.3140448], [4.3958957, 51.3140075], [4.3967647, 51.3132525], [4.3993408, 51.3109531], [4.3996399, 51.3106822], [4.4000271, 51.3103337], [4.4001376, 51.3102361], [4.400373, 51.3100256], [4.4004497, 51.3099634], [4.4008188, 51.3096324], [4.4020777, 51.3085311], [4.4025216, 51.30813], [4.4027732, 51.30791], [4.4029286, 51.3077622], [4.4038867, 51.3069001], [4.4039413, 51.306858], [4.4040032, 51.3068057], [4.4040482, 51.3067586], [4.4040984, 51.3067075], [4.4042583, 51.3065225], [4.4043295, 51.3064538], [4.4044293, 51.3063686], [4.4045675, 51.3062981], [4.404757, 51.3062161], [4.4048106, 51.306182]]]}}, {"type": "Feature", "properties": {"name": "Hoogeind", "street_id": "7309", "municipality": "Stabroek", "nis": "11044", "geometry_source": "osm_way", "length_m": 1844.8, "osm_way_ids": [23540204, 125004785, 161471499, 162961677, 162961679, 223667317, 285091851, 935708271, 935708272, 935708273, 935708274, 935713652, 935713653, 1193081265, 1315655093, 1324355214, 1324355215, 1324355216, 1324355217, 1324355218, 1373008182, 1373008184], "highway_types": ["secondary"], "lat": 51.3402401, "lon": 4.3833441}, "geometry": {"type": "MultiLineString", "coordinates": [[[4.3872856, 51.3422057], [4.3870761, 51.3420971], [4.3861154, 51.3416091], [4.385598, 51.3413452], [4.3854332, 51.341262], [4.3847148, 51.3408951], [4.3842668, 51.3406691], [4.3839979, 51.3405334], [4.3834721, 51.3402712], [4.383325, 51.3401992], [4.3832609, 51.3401694], [4.3822498, 51.3396427], [4.3821213, 51.3395811], [4.3820291, 51.3395333], [4.3818283, 51.3394317], [4.3817216, 51.3393831], [4.3816495, 51.3393483], [4.3814339, 51.3392416], [4.3803543, 51.3386862], [4.379549, 51.3382776], [4.3785399, 51.3377716], [4.3777337, 51.337366], [4.3775349, 51.3372734], [4.3774604, 51.3372363], [4.3772353, 51.3371358], [4.3769889, 51.3370302], [4.3769394, 51.337008], [4.3768823, 51.3369825], [4.3767274, 51.3369091], [4.3742624, 51.3358585], [4.374163, 51.3358123], [4.3739663, 51.3357344], [4.3737299, 51.3356505], [4.3733898, 51.3355101], [4.3731677, 51.335414]], [[4.3872856, 51.3422057], [4.3875481, 51.3422963], [4.387761, 51.3424045], [4.3879174, 51.3424855], [4.3881194, 51.3425903], [4.388326, 51.3427302]], [[4.388326, 51.3427302], [4.388081, 51.3426387], [4.3878847, 51.3425497], [4.3876957, 51.3424513], [4.3874703, 51.3423399], [4.3872856, 51.3422057]], [[4.3919723, 51.3445798], [4.3912537, 51.3442096], [4.3889512, 51.3430459], [4.3885942, 51.3428718], [4.3885687, 51.3428557], [4.3883842, 51.3427591], [4.388326, 51.3427302]], [[4.3919723, 51.3445798], [4.3922509, 51.3446817], [4.3924936, 51.3448068]], [[4.3924302, 51.3448587], [4.3921362, 51.3446981], [4.3919723, 51.3445798]]]}}, {"type": "Feature", "properties": {"name": "Hooghuisstraat", "street_id": "7310", "municipality": "Stabroek", "nis": "11044", "geometry_source": "osm_way", "length_m": 360.7, "osm_way_ids": [32348104, 32348215, 32348310], "highway_types": ["residential"], "lat": 51.3079429, "lon": 4.4049691}, "geometry": {"type": "MultiLineString", "coordinates": [[[4.4062112, 51.3068001], [4.40615, 51.3068549], [4.4057156, 51.307277], [4.4056777, 51.3073147], [4.405634, 51.307357], [4.4050874, 51.3079081], [4.4044454, 51.3085531], [4.4038049, 51.3091231]], [[4.4050874, 51.3079081], [4.4050092, 51.3078864], [4.4044027, 51.3077121]]]}}, {"type": "Feature", "properties": {"name": "Hulstlaan", "street_id": "7311", "municipality": "Stabroek", "nis": "11044", "geometry_source": "osm_way", "length_m": 52.9, "osm_way_ids": [389257565], "highway_types": ["residential"], "lat": 51.3125867, "lon": 4.4008231}, "geometry": {"type": "MultiLineString", "coordinates": [[[4.4011343, 51.3127227], [4.4005119, 51.3124507]]]}}, {"type": "Feature", "properties": {"name": "Huzarenberg", "street_id": "7312", "municipality": "Stabroek", "nis": "11044", "geometry_source": "osm_way", "length_m": 624.2, "osm_way_ids": [26157528, 26157535, 26157537, 1458455545, 1458455605, 1458455675], "highway_types": ["residential"], "lat": 51.3487019, "lon": 4.3931069}, "geometry": {"type": "MultiLineString", "coordinates": [[[4.3927265, 51.3482739], [4.392354, 51.3481741]], [[4.3927265, 51.3482739], [4.3933119, 51.3484122]], [[4.3936519, 51.3500548], [4.3936153, 51.3500465], [4.3920613, 51.3496997], [4.391942, 51.349467], [4.3922586, 51.349008], [4.3924412, 51.3487216], [4.3927265, 51.3482739]], [[4.3933119, 51.3484122], [4.3944011, 51.3486718], [4.3944661, 51.3486876]], [[4.3933119, 51.3484122], [4.3942048, 51.3469145]]]}}, {"type": "Feature", "properties": {"name": "Italiaanse-Hoevelaan", "street_id": "7313", "municipality": "Stabroek", "nis": "11044", "geometry_source": "osm_way", "length_m": 318.5, "osm_way_ids": [115877844, 285098166], "highway_types": ["residential"], "lat": 51.330644, "lon": 4.3853802}, "geometry": {"type": "MultiLineString", "coordinates": [[[4.3839129, 51.3314127], [4.3841212, 51.3312273], [4.3841592, 51.3312061], [4.3842036, 51.3311988], [4.384277, 51.331201], [4.3843437, 51.3312234], [4.3845956, 51.3313354], [4.3846496, 51.3313477], [4.3846956, 51.3313363], [4.3851675, 51.3309284], [4.385779, 51.3304055], [4.3867685, 51.3295336]]]}}, {"type": "Feature", "properties": {"name": "Jan Matstraat", "street_id": "7314", "municipality": "Stabroek", "nis": "11044", "geometry_source": "osm_way", "length_m": 242.7, "osm_way_ids": [26157270], "highway_types": ["residential"], "lat": 51.3500598, "lon": 4.396511}, "geometry": {"type": "MultiLineString", "coordinates": [[[4.3974742, 51.3506876], [4.3965086, 51.3504115], [4.3964606, 51.3503809], [4.3964387, 51.3503394], [4.3964417, 51.3502921], [4.3967466, 51.3497821], [4.3954696, 51.3495323]]]}}, {"type": "Feature", "properties": {"name": "Jonker de Hazelaan", "street_id": "7315", "municipality": "Stabroek", "nis": "11044", "geometry_source": "osm_way", "length_m": 360.6, "osm_way_ids": [75331988], "highway_types": ["residential"], "lat": 51.3327278, "lon": 4.3824073}, "geometry": {"type": "MultiLineString", "coordinates": [[[4.3809088, 51.3340508], [4.3813777, 51.3336249], [4.3839129, 51.3314127]]]}}, {"type": "Feature", "properties": {"name": "Kan. Van Tichelenlaan", "street_id": "7316", "municipality": "Stabroek", "nis": "11044", "geometry_source": "osm_way", "length_m": 451.4, "osm_way_ids": [164549721, 164791948, 374163705], "highway_types": ["residential", "service"], "lat": 51.3299304, "lon": 4.3763575}, "geometry": {"type": "MultiLineString", "coordinates": [[[4.3741416, 51.328971], [4.3748245, 51.32929], [4.376014, 51.329832], [4.376268, 51.3299493], [4.3769919, 51.3302834], [4.378495, 51.3309772]], [[4.376268, 51.3299493], [4.3766648, 51.3296082], [4.3768997, 51.3294067]]]}}, {"type": "Feature", "properties": {"name": "Kastanjelaan", "street_id": "7317", "municipality": "Stabroek", "nis": "11044", "geometry_source": "osm_way", "length_m": 470.7, "osm_way_ids": [35129362, 35129363, 76565903, 76578957, 285102014, 724737523], "highway_types": ["residential"], "lat": 51.3109847, "lon": 4.407677}, "geometry": {"type": "MultiLineString", "coordinates": [[[4.4074191, 51.3108307], [4.4069671, 51.3106402], [4.4065437, 51.3104593], [4.4056022, 51.3100719]], [[4.4074191, 51.3108307], [4.4086243, 51.3113255], [4.4085063, 51.3114343]], [[4.4085063, 51.3114343], [4.407883, 51.3111706], [4.4074753, 51.3110045], [4.4074067, 51.310974], [4.4073681, 51.3108954], [4.4074191, 51.3108307]], [[4.4090686, 51.3116709], [4.4085063, 51.3114343]], [[4.4086243, 51.3113255], [4.4091815, 51.3115596]]]}}, {"type": "Feature", "properties": {"name": "Kasteeldreef", "street_id": "7318", "municipality": "Stabroek", "nis": "11044", "geometry_source": "osm_way", "length_m": 623.9, "osm_way_ids": [23540148, 23540151, 26157226, 26157243, 31112458, 31112615, 343593698, 934953242], "highway_types": ["path", "residential", "unclassified"], "lat": 51.3533872, "lon": 4.3909671}, "geometry": {"type": "MultiLineString", "coordinates": [[[4.38645, 51.3537837], [4.386646, 51.3538179], [4.3871897, 51.3537442], [4.3884318, 51.3536542], [4.3900629, 51.3534628], [4.3901526, 51.3534498], [4.3909209, 51.3533628], [4.3913381, 51.3533287], [4.3914918, 51.3533115]], [[4.3955223, 51.3529612], [4.3943936, 51.3530708], [4.3936457, 51.3531353], [4.3917245, 51.3532992]]]}}, {"type": "Feature", "properties": {"name": "Kauwensteinlaan", "street_id": "7319", "municipality": "Stabroek", "nis": "11044", "geometry_source": "osm_way", "length_m": 554.1, "osm_way_ids": [50407821, 50407822, 50407824, 50407827, 50407828, 50407830, 75393088], "highway_types": ["residential"], "lat": 51.3088611, "lon": 4.4002418}, "geometry": {"type": "MultiLineString", "coordinates": [[[4.3984367, 51.3105335], [4.3994151, 51.3096264]], [[4.3994151, 51.3096264], [4.3994964, 51.3096444], [4.3999552, 51.30926]], [[4.3994151, 51.3096264], [4.3998695, 51.3092221], [4.3999552, 51.30926]], [[4.4005577, 51.3073883], [4.4010301, 51.3075945], [4.4015684, 51.3078295], [4.4015028, 51.3078974], [4.4010293, 51.3083285], [4.4002651, 51.3090015], [4.3999552, 51.30926]], [[4.4015684, 51.3078295], [4.4018211, 51.3076148]]]}}, {"type": "Feature", "properties": {"name": "Kerkendam", "street_id": "7320", "municipality": "Stabroek", "nis": "11044", "geometry_source": "osm_way", "length_m": 159.8, "osm_way_ids": [75326339, 223667329, 246433743], "highway_types": ["living_street", "pedestrian"], "lat": 51.3314409, "lon": 4.3650416}, "geometry": {"type": "MultiLineString", "coordinates": [[[4.3645574, 51.3317873], [4.3645919, 51.3317536], [4.3648269, 51.331524], [4.3648607, 51.3314993], [4.3649185, 51.3314719]], [[4.3654766, 51.3316955], [4.3652539, 51.3316489], [4.3650644, 51.331573], [4.3649185, 51.3314719]], [[4.3649185, 51.3314719], [4.3649584, 51.331366], [4.3651193, 51.3311554], [4.3653853, 51.3309313]]]}}, {"type": "Feature", "properties": {"name": "Kerkepad", "street_id": "7321", "municipality": "Stabroek", "nis": "11044", "geometry_source": "osm_way", "length_m": 250.6, "osm_way_ids": [75326288, 75326323, 75326334, 246433746, 247181749], "highway_types": ["living_street", "pedestrian"], "lat": 51.3314019, "lon": 4.3658688}, "geometry": {"type": "MultiLineString", "coordinates": [[[4.3651986, 51.3308573], [4.3653546, 51.3309166], [4.3653853, 51.3309313], [4.3655655, 51.3310273], [4.3658555, 51.3311817], [4.365943, 51.3312142], [4.3660321, 51.3312745], [4.3660752, 51.331342]], [[4.3660752, 51.331342], [4.3658552, 51.3314801], [4.3656333, 51.3316467], [4.3654766, 51.3316955], [4.3654661, 51.3318351], [4.3655136, 51.3319032], [4.365507, 51.3319803], [4.3654619, 51.3320355], [4.3654392, 51.3320622], [4.3653762, 51.3321365]], [[4.3668568, 51.3314343], [4.3666837, 51.3313764], [4.3664816, 51.3313374], [4.3662922, 51.3313737], [4.3662636, 51.3313713], [4.3660752, 51.331342]]]}}, {"type": "Feature", "properties": {"name": "Kerkstraat", "street_id": "7322", "municipality": "Stabroek", "nis": "11044", "geometry_source": "osm_way", "length_m": 873.2, "osm_way_ids": [28549591, 164611722, 164611724, 278474005, 278474195, 278474196], "highway_types": ["secondary"], "lat": 51.3044176, "lon": 4.3992541}, "geometry": {"type": "MultiLineString", "coordinates": [[[4.3937225, 51.302823], [4.3939036, 51.3027641], [4.3940864, 51.3027289], [4.3942779, 51.3027241], [4.3944163, 51.3027423], [4.3945496, 51.3027688], [4.3947615, 51.3028193], [4.3949519, 51.3028602], [4.3950924, 51.3028846], [4.3952517, 51.3029333], [4.3953469, 51.3029728], [4.3969433, 51.3036358], [4.3986362, 51.3043111], [4.3991047, 51.3044963], [4.3992261, 51.3045492], [4.3993143, 51.3045744], [4.4009402, 51.3050387], [4.4020904, 51.3053611], [4.4022623, 51.3054093], [4.4024058, 51.3054487], [4.4024647, 51.3054664], [4.4032278, 51.3056856], [4.4033127, 51.3057103], [4.4045542, 51.3060862], [4.4048106, 51.306182]]]}}, {"type": "Feature", "properties": {"name": "Klein Galgenveld", "street_id": "151705", "municipality": "Stabroek", "nis": "11044", "geometry_source": "osm_way", "length_m": 344.1, "osm_way_ids": [150635110], "highway_types": ["residential"], "lat": 51.3381185, "lon": 4.4036725}, "geometry": {"type": "MultiLineString", "coordinates": [[[4.4020685, 51.3371172], [4.4038103, 51.3379772], [4.4038349, 51.3380005], [4.4038447, 51.3380263], [4.403829, 51.3380485], [4.4036304, 51.3382032], [4.4036087, 51.3382278], [4.403596, 51.3382646], [4.4036028, 51.3382929], [4.4036356, 51.3383226], [4.4052574, 51.3391232], [4.405260043439301, 51.33912460708071]]]}}, {"type": "Feature", "properties": {"name": "Klein Lepelstraat", "street_id": "7323", "municipality": "Stabroek", "nis": "11044", "geometry_source": "osm_way", "length_m": 263.9, "osm_way_ids": [26157211, 132965746], "highway_types": ["residential"], "lat": 51.351454, "lon": 4.3953007}, "geometry": {"type": "MultiLineString", "coordinates": [[[4.3924883, 51.3521344], [4.392828, 51.3515188]], [[4.3973036, 51.3516234], [4.3946915, 51.3510881]]]}}, {"type": "Feature", "properties": {"name": "Kleine Molenweg", "street_id": "7324", "municipality": "Stabroek", "nis": "11044", "geometry_source": "osm_way", "length_m": 1315.8, "osm_way_ids": [28550251, 164790561, 223667330, 223667331, 223667332, 248920773, 477664545, 1214958134, 1214958135, 1322480270], "highway_types": ["secondary", "service"], "lat": 51.3278688, "lon": 4.37108}, "geometry": {"type": "MultiLineString", "coordinates": [[[4.3765016, 51.3230881], [4.3763344, 51.3232662], [4.3759192, 51.3237146], [4.3750087, 51.3246061], [4.3748169, 51.3247753], [4.3746473, 51.3249238], [4.3743456, 51.3251799], [4.3703107, 51.3285228], [4.3700991, 51.3287124], [4.3698878, 51.3288952], [4.3688664, 51.3297785], [4.368551, 51.3300512], [4.367743, 51.3306695], [4.3672371, 51.3310886], [4.367, 51.3313062], [4.3668568, 51.3314343], [4.3659541, 51.3322684], [4.3659419, 51.3322784], [4.3658575, 51.3323461]], [[4.3676963, 51.3306428], [4.3675668, 51.3305722], [4.3672065, 51.3303734]]]}}, {"type": "Feature", "properties": {"name": "Kommekensstraat", "street_id": "7325", "municipality": "Stabroek", "nis": "11044", "geometry_source": "osm_way", "length_m": 131.9, "osm_way_ids": [195781503], "highway_types": ["unclassified"], "lat": 51.3271709, "lon": 4.355553}, "geometry": {"type": "MultiLineString", "coordinates": [[[4.3561221, 51.3266977], [4.3550503, 51.3275887], [4.3550163, 51.3276184], [4.3549844, 51.3276448]]]}}, {"type": "Feature", "properties": {"name": "Konijnenstraat", "street_id": "7326", "municipality": "Stabroek", "nis": "11044", "geometry_source": "osm_way", "length_m": 335.2, "osm_way_ids": [38572646], "highway_types": ["unclassified"], "lat": 51.3516797, "lon": 4.3628087}, "geometry": {"type": "MultiLineString", "coordinates": [[[4.3641638, 51.3504366], [4.3624978, 51.35196], [4.3614848, 51.3529065], [4.361459, 51.3529285]]]}}, {"type": "Feature", "properties": {"name": "Krekelberg", "street_id": "7328", "municipality": "Stabroek", "nis": "11044", "geometry_source": "osm_way", "length_m": 1448.4, "osm_way_ids": [28549514, 164828538, 644864046], "highway_types": ["residential"], "lat": 51.3143117, "lon": 4.3955115}, "geometry": {"type": "MultiLineString", "coordinates": [[[4.3955826, 51.3140509], [4.395522, 51.3140133], [4.3953575, 51.3139368], [4.3950895, 51.3138233], [4.3945843, 51.3135356], [4.3940309, 51.3133024], [4.3930394, 51.3128113], [4.3928812, 51.3127815], [4.3907462, 51.3125871], [4.3904994, 51.3125066], [4.3879852, 51.3114476], [4.3868281, 51.3109494], [4.3867745, 51.3109191]], [[4.3958374, 51.3141792], [4.3958973, 51.3142055], [4.397009, 51.3147558], [4.3997395, 51.3160749], [4.4024273, 51.3173817], [4.4040929, 51.3181846]]]}}, {"type": "Feature", "properties": {"name": "Kromme Straat", "street_id": "7329", "municipality": "Stabroek", "nis": "11044", "geometry_source": "osm_way", "length_m": 27.3, "osm_way_ids": [131722094], "highway_types": ["track"], "lat": 51.3003843, "lon": 4.4062535}, "geometry": {"type": "MultiLineString", "coordinates": [[[4.406304514538367, 51.30026591511496], [4.4062024, 51.3005026]]]}}, {"type": "Feature", "properties": {"name": "Laageind", "street_id": "7330", "municipality": "Stabroek", "nis": "11044", "geometry_source": "osm_way", "length_m": 1143.1, "osm_way_ids": [23240971, 58432133, 125004922, 177953054, 247873120, 269598152, 269598153, 269598154, 321745259, 390189009, 397774633, 397774635, 458109857, 477664557, 933036190, 1207028266, 1323571500, 1323571501, 1324355208, 1324355209, 1324355210, 1324355211, 1324355212, 1324355213], "highway_types": ["primary", "secondary"], "lat": 51.3280998, "lon": 4.3561032}, "geometry": {"type": "MultiLineString", "coordinates": [[[4.349222250367377, 51.325468730642854], [4.3495566, 51.3255065]], [[4.3496178, 51.3255149], [4.3506612, 51.3256297]], [[4.3507104, 51.3256366], [4.3512079, 51.325726], [4.3513341, 51.3257521], [4.3515751, 51.3258074], [4.3518667, 51.3259071], [4.3521559, 51.326028], [4.3525403, 51.3262651], [4.3529147, 51.326545], [4.3534069, 51.3268831], [4.3536991, 51.327062], [4.3538358, 51.327128], [4.3539251, 51.327168], [4.3540775, 51.3272417], [4.3541814, 51.327289], [4.354438, 51.3274097], [4.3545829, 51.3274688], [4.3549844, 51.3276448], [4.3554393, 51.3278364], [4.356449, 51.3282912], [4.3568111, 51.3284529], [4.3573513, 51.3286949], [4.3579214, 51.3289498], [4.3581183, 51.3290342], [4.3583373, 51.3291332], [4.3584912, 51.3291992], [4.358538, 51.3292202], [4.3586633, 51.3292741], [4.3590379, 51.3294484], [4.3591265, 51.3294878], [4.3593345, 51.3295817], [4.3594902, 51.3296517], [4.3596424, 51.3297502], [4.3598366, 51.3298358], [4.3602897, 51.3300297], [4.3603946, 51.3300696], [4.3604774, 51.330103], [4.3610582, 51.330359], [4.3611561, 51.3303932], [4.3613171, 51.3304353], [4.3614851, 51.3304876], [4.3615991, 51.3305305], [4.36203, 51.3307287], [4.362592, 51.3309593], [4.3628269, 51.3310614]]]}}, {"type": "Feature", "properties": {"name": "Lassonhoflaan", "street_id": "7331", "municipality": "Stabroek", "nis": "11044", "geometry_source": "osm_way", "length_m": 420.6, "osm_way_ids": [75331997, 75332037, 75390570, 75390571], "highway_types": ["residential"], "lat": 51.3358976, "lon": 4.3774918}, "geometry": {"type": "MultiLineString", "coordinates": [[[4.3758006, 51.3348273], [4.3758159, 51.3348665], [4.3759389, 51.3349235], [4.3765104, 51.3351886], [4.3766263, 51.3352423], [4.3771707, 51.3354949], [4.377508, 51.3356411], [4.3776964, 51.3357228], [4.3783568, 51.3360221], [4.3784458, 51.3360587]], [[4.3772353, 51.3371358], [4.377293, 51.3370841], [4.3774574, 51.3369369], [4.3775081, 51.3368915], [4.3783109, 51.3361726], [4.3784458, 51.3360587], [4.3786835, 51.3361652]], [[4.3785772, 51.3362928], [4.3783109, 51.3361726]]]}}, {"type": "Feature", "properties": {"name": "Lepelstraat", "street_id": "7332", "municipality": "Stabroek", "nis": "11044", "geometry_source": "address_points", "length_m": null, "osm_way_ids": [], "highway_types": [], "lat": 51.349978, "lon": 4.3976148}, "geometry": {"type": "MultiPoint", "coordinates": [[4.397717227453462, 51.34954231554094], [4.397890841843309, 51.34923218904339], [4.3976357023480785, 51.3497667640263], [4.398184086264592, 51.34837242095796], [4.397730258171945, 51.3494946763532], [4.397617420916023, 51.349908867435985], [4.398165042239043, 51.34821999074675], [4.3979200613686285, 51.34913852764334], [4.397050133386161, 51.35165850338679], [4.397259550210805, 51.35097096723291], [4.397600884194561, 51.349860426725726], [4.397426813350927, 51.35036361308874], [4.39794338587621, 51.349028869233685], [4.397699025541495, 51.3495834847235], [4.397515497510124, 51.35010833450085], [4.397807075308053, 51.34931615718645], [4.397624827544281, 51.34981934601073], [4.398001591987728, 51.34892648221977], [4.397439266212654, 51.35030923316232], [4.397417994203427, 51.3502626810689], [4.39723537336512, 51.351098871071784], [4.397115422278773, 51.35185667064685], [4.397580852463442, 51.349958759443076], [4.3974140185639525, 51.35055847408454], [4.398119367054486, 51.34861088676537], [4.397496744407781, 51.350186354203196], [4.3972697908742555, 51.351050238032755], [4.397800397331563, 51.349422216216546], [4.397706528475974, 51.3496453196716], [4.39804996324773, 51.348708153573256], [4.398134759537662, 51.34844343801086], [4.397997776254013, 51.34879597868081], [4.397584640980622, 51.35004809831465], [4.397215488877913, 51.35120520287308], [4.3980943329313025, 51.34851705928193], [4.3970568849056395, 51.35189722041384], [4.39716275734345, 51.35180587739228], [4.3974360851098915, 51.3504993281918], [4.397143735824846, 51.35145688180145], [4.397172121248204, 51.35140186886639], [4.397189590278617, 51.35133454517759], [4.3974140185639525, 51.35055847408454], [4.3974140185639525, 51.35055847408454], [4.3974140185639525, 51.35055847408454], [4.3974360851098915, 51.3504993281918], [4.39804996324773, 51.348708153573256], [4.39804996324773, 51.348708153573256], [4.39804996324773, 51.348708153573256], [4.39804996324773, 51.348708153573256], [4.397178808916788, 51.35176686595651], [4.397673849356037, 51.34971678172474]]}}, {"type": "Feature", "properties": {"name": "Liefkenspad", "street_id": "140521", "municipality": "Stabroek", "nis": "11044", "geometry_source": "osm_way", "length_m": 139.8, "osm_way_ids": [75339486], "highway_types": ["cycleway"], "lat": 51.3038579, "lon": 4.408314}, "geometry": {"type": "MultiLineString", "coordinates": [[[4.4074298, 51.3036273], [4.4075981, 51.3036055], [4.4082736, 51.3038595], [4.4088852, 51.3040541], [4.4090354, 51.3040943], [4.4091913, 51.3040207]]]}}, {"type": "Feature", "properties": {"name": "Lijsterbeslaan", "street_id": "7333", "municipality": "Stabroek", "nis": "11044", "geometry_source": "osm_way", "length_m": 351.4, "osm_way_ids": [49511149], "highway_types": ["residential"], "lat": 51.336159, "lon": 4.3628039}, "geometry": {"type": "MultiLineString", "coordinates": [[[4.364364, 51.334917], [4.3642518, 51.3350067], [4.3617824, 51.3369721], [4.3613105, 51.3373477], [4.3612397, 51.3373952]]]}}, {"type": "Feature", "properties": {"name": "Lindenlaan", "street_id": "7334", "municipality": "Stabroek", "nis": "11044", "geometry_source": "osm_way", "length_m": 88.1, "osm_way_ids": [76565904], "highway_types": ["residential"], "lat": 51.3120998, "lon": 4.4094001}, "geometry": {"type": "MultiLineString", "coordinates": [[[4.4088635, 51.3118905], [4.409165, 51.3120098], [4.4098187, 51.3122612], [4.4099376, 51.3123069]]]}}, {"type": "Feature", "properties": {"name": "Lombaardstraat", "street_id": "7335", "municipality": "Stabroek", "nis": "11044", "geometry_source": "osm_way", "length_m": 348.9, "osm_way_ids": [32348922], "highway_types": ["residential"], "lat": 51.3051331, "lon": 4.4065998}, "geometry": {"type": "MultiLineString", "coordinates": [[[4.4056264, 51.3065406], [4.4063214, 51.3057479], [4.4074298, 51.3036273]]]}}, {"type": "Feature", "properties": {"name": "Lorkenlaan", "street_id": "7336", "municipality": "Stabroek", "nis": "11044", "geometry_source": "osm_way", "length_m": 290.3, "osm_way_ids": [35476471, 35476472], "highway_types": ["residential"], "lat": 51.3120591, "lon": 4.4074469}, "geometry": {"type": "MultiLineString", "coordinates": [[[4.4082479, 51.3124809], [4.4073804, 51.3121148], [4.4065088, 51.3117686]], [[4.4066487, 51.3116307], [4.4067478, 51.3116736], [4.4071616, 51.3118529], [4.4075068, 51.3119986], [4.4083817, 51.3123579]]]}}, {"type": "Feature", "properties": {"name": "M. Vloeberghslaan", "street_id": "238611", "municipality": "Stabroek", "nis": "11044", "geometry_source": "address_points", "length_m": null, "osm_way_ids": [], "highway_types": [], "lat": 51.3343372, "lon": 4.3672756}, "geometry": {"type": "MultiPoint", "coordinates": [[4.367232130835744, 51.33401486194957], [4.367232130835744, 51.33401486194957], [4.367232130835744, 51.33401486194957], [4.367232130835744, 51.33401486194957], [4.367232130835744, 51.33401486194957], [4.367232130835744, 51.33401486194957], [4.367232130835744, 51.33401486194957], [4.367232130835744, 51.33401486194957], [4.367232130835744, 51.33401486194957], [4.367232130835744, 51.33401486194957], [4.367232130835744, 51.33401486194957], [4.367232130835744, 51.33401486194957], [4.367232130835744, 51.33401486194957], [4.367232130835744, 51.33401486194957], [4.367232130835744, 51.33401486194957], [4.367232130835744, 51.33401486194957], [4.367232130835744, 51.33401486194957], [4.367232130835744, 51.33401486194957], [4.367232130835744, 51.33401486194957], [4.367232130835744, 51.33401486194957], [4.367232130835744, 51.33401486194957], [4.367000831757275, 51.33436314392436], [4.367000831757275, 51.33436314392436], [4.367000831757275, 51.33436314392436], [4.367000831757275, 51.33436314392436], [4.367000831757275, 51.33436314392436], [4.367000831757275, 51.33436314392436], [4.367000831757275, 51.33436314392436], [4.367000831757275, 51.33436314392436], [4.367000831757275, 51.33436314392436], [4.367000831757275, 51.33436314392436], [4.367000831757275, 51.33436314392436], [4.367000831757275, 51.33436314392436], [4.367000831757275, 51.33436314392436], [4.367000831757275, 51.33436314392436], [4.367000831757275, 51.33436314392436], [4.367000831757275, 51.33436314392436], [4.367000831757275, 51.33436314392436], [4.367000831757275, 51.33436314392436], [4.367000831757275, 51.33436314392436], [4.367582361160032, 51.33465094241712], [4.367582361160032, 51.33465094241712], [4.367582361160032, 51.33465094241712], [4.367582361160032, 51.33465094241712], [4.367582361160032, 51.33465094241712], [4.367582361160032, 51.33465094241712], [4.367582361160032, 51.33465094241712], [4.367582361160032, 51.33465094241712], [4.367582361160032, 51.33465094241712], [4.367582361160032, 51.33465094241712], [4.367582361160032, 51.33465094241712], [4.367582361160032, 51.33465094241712], [4.367582361160032, 51.33465094241712], [4.367582361160032, 51.33465094241712], [4.367582361160032, 51.33465094241712], [4.367582361160032, 51.33465094241712], [4.367582361160032, 51.33465094241712], [4.367582361160032, 51.33465094241712], [4.367582361160032, 51.33465094241712], [4.367582361160032, 51.33465094241712]]}}, {"type": "Feature", "properties": {"name": "Magnolialaan", "street_id": "7337", "municipality": "Stabroek", "nis": "11044", "geometry_source": "osm_way", "length_m": 56.2, "osm_way_ids": [161162590], "highway_types": ["residential"], "lat": 51.3359267, "lon": 4.3589591}, "geometry": {"type": "MultiLineString", "coordinates": [[[4.3592066, 51.3357275], [4.3587115, 51.336126]]]}}, {"type": "Feature", "properties": {"name": "Markt", "street_id": "7338", "municipality": "Stabroek", "nis": "11044", "geometry_source": "osm_way", "length_m": 204.3, "osm_way_ids": [23241020, 1305891390, 1322480273], "highway_types": ["secondary"], "lat": 51.3067031, "lon": 4.4060401}, "geometry": {"type": "MultiLineString", "coordinates": [[[4.4048106, 51.306182], [4.4050437, 51.3062955], [4.4051612, 51.3063474], [4.4055156, 51.306493], [4.4056264, 51.3065406], [4.406118, 51.3067577], [4.4062112, 51.3068001], [4.4067995, 51.3070225], [4.4069453, 51.307064], [4.4070566, 51.3070865], [4.407154, 51.3070989], [4.407304, 51.307083]]]}}, {"type": "Feature", "properties": {"name": "Mattenvlechters", "street_id": "143084", "municipality": "Stabroek", "nis": "11044", "geometry_source": "osm_way", "length_m": 178.7, "osm_way_ids": [26157294], "highway_types": ["residential"], "lat": 51.3490011, "lon": 4.3971544}, "geometry": {"type": "MultiLineString", "coordinates": [[[4.3967466, 51.3497821], [4.3974947, 51.3484052], [4.3972669, 51.3483545]]]}}, {"type": "Feature", "properties": {"name": "Mattheus Mannienlaan", "street_id": "7339", "municipality": "Stabroek", "nis": "11044", "geometry_source": "osm_way", "length_m": 142.0, "osm_way_ids": [28549179], "highway_types": ["residential"], "lat": 51.3105975, "lon": 4.4009769}, "geometry": {"type": "MultiLineString", "coordinates": [[[4.4001376, 51.3102361], [4.4018162, 51.3109588]]]}}, {"type": "Feature", "properties": {"name": "Meidoornlaan", "street_id": "7340", "municipality": "Stabroek", "nis": "11044", "geometry_source": "osm_way", "length_m": 289.4, "osm_way_ids": [75393056, 248437025, 248437026, 248437027], "highway_types": ["residential"], "lat": 51.3333444, "lon": 4.36451}, "geometry": {"type": "MultiLineString", "coordinates": [[[4.3632703, 51.3343862], [4.3635327, 51.3341611], [4.363638, 51.3340707], [4.3636682, 51.3340434], [4.3637822, 51.333942], [4.3642113, 51.3335728], [4.3654551, 51.3325854], [4.3656331, 51.3324019], [4.3656611, 51.332373], [4.3657453, 51.3322996]]]}}, {"type": "Feature", "properties": {"name": "Melsenlaan", "street_id": "7341", "municipality": "Stabroek", "nis": "11044", "geometry_source": "osm_way", "length_m": 227.9, "osm_way_ids": [131722850], "highway_types": ["residential"], "lat": 51.3433931, "lon": 4.3922037}, "geometry": {"type": "MultiLineString", "coordinates": [[[4.3931168, 51.3425309], [4.3922008, 51.3434025], [4.3916638, 51.3439255], [4.3913323, 51.3441533], [4.3913151, 51.3441659], [4.3912537, 51.3442096]]]}}, {"type": "Feature", "properties": {"name": "Mispelaarlaan", "street_id": "7342", "municipality": "Stabroek", "nis": "11044", "geometry_source": "osm_way", "length_m": 313.4, "osm_way_ids": [49511147, 248435489], "highway_types": ["residential"], "lat": 51.336112, "lon": 4.3599999}, "geometry": {"type": "MultiLineString", "coordinates": [[[4.3582142, 51.3352587], [4.3582903, 51.3352951], [4.3583094, 51.3353023], [4.3583233, 51.3353089], [4.3583809, 51.3353354], [4.3592066, 51.3357275], [4.359786, 51.3360075], [4.36084, 51.3365167], [4.3617824, 51.3369721]]]}}, {"type": "Feature", "properties": {"name": "Molensteeg", "street_id": "7343", "municipality": "Stabroek", "nis": "11044", "geometry_source": "osm_way", "length_m": 470.0, "osm_way_ids": [131722844], "highway_types": ["residential"], "lat": 51.3443291, "lon": 4.3973684}, "geometry": {"type": "MultiLineString", "coordinates": [[[4.3947408, 51.343004], [4.3952961, 51.3432867], [4.3978324, 51.3445627], [4.3999971, 51.3456518]]]}}, {"type": "Feature", "properties": {"name": "Molenstraat", "street_id": "7344", "municipality": "Stabroek", "nis": "11044", "geometry_source": "osm_way", "length_m": 477.5, "osm_way_ids": [23256044], "highway_types": ["tertiary"], "lat": 51.3082368, "lon": 4.4101244}, "geometry": {"type": "MultiLineString", "coordinates": [[[4.407304, 51.307083], [4.4073466, 51.3071259], [4.4074089, 51.3071851], [4.4075272, 51.3072865], [4.4078229, 51.3074026], [4.4080834, 51.3075081], [4.40825, 51.30756], [4.4090584, 51.3077644], [4.4092685, 51.3078184], [4.4095747, 51.3079044], [4.4099114, 51.3080299], [4.4105789, 51.3083479], [4.4109774, 51.3085377], [4.4111649, 51.3086481], [4.4112538, 51.3087038], [4.4113833, 51.3087617], [4.4118937, 51.3089898], [4.4122459, 51.3091437], [4.4126911, 51.3093489], [4.4129493, 51.3094352]]]}}, {"type": "Feature", "properties": {"name": "Molenweg", "street_id": "7345", "municipality": "Stabroek", "nis": "11044", "geometry_source": "osm_way", "length_m": 238.0, "osm_way_ids": [32349303, 671147038], "highway_types": ["residential"], "lat": 51.307249, "lon": 4.4090157}, "geometry": {"type": "MultiLineString", "coordinates": [[[4.4080579, 51.3065306], [4.4081343, 51.3065789], [4.4084036, 51.3068362], [4.4087536, 51.3071569], [4.4087678, 51.3071699], [4.4090731, 51.3074169], [4.4093575, 51.3076401], [4.4093681, 51.3076765], [4.4093176, 51.3077626], [4.4092685, 51.3078184]], [[4.4093681, 51.3076765], [4.4095443, 51.3075924], [4.4099433, 51.3072425]]]}}, {"type": "Feature", "properties": {"name": "Monnikenhofstraat", "street_id": "140519", "municipality": "Stabroek", "nis": "11044", "geometry_source": "osm_way", "length_m": 219.7, "osm_way_ids": [49721986, 1193080893], "highway_types": ["tertiary", "unclassified"], "lat": 51.3450592, "lon": 4.3461506}, "geometry": {"type": "MultiLineString", "coordinates": [[[4.345076092614117, 51.34535682362675], [4.345111, 51.3453234], [4.345143, 51.34528], [4.3451621, 51.3452193], [4.3451836, 51.3451181]], [[4.3464326, 51.3441725], [4.3464388, 51.3442287], [4.3464335, 51.3442775], [4.346195, 51.3457027], [4.346152175547729, 51.34588540226106]]]}}, {"type": "Feature", "properties": {"name": "Moretuslei", "street_id": "7346", "municipality": "Stabroek", "nis": "11044", "geometry_source": "osm_way", "length_m": 453.9, "osm_way_ids": [26157222, 132965742, 132965743, 132965747, 177953055], "highway_types": ["residential"], "lat": 51.3524955, "lon": 4.3937303}, "geometry": {"type": "MultiLineString", "coordinates": [[[4.3907141, 51.3520073], [4.3915137, 51.3518706], [4.3924883, 51.3521344], [4.392634, 51.352174], [4.3939547, 51.3525324], [4.3955223, 51.3529612], [4.396661, 51.3532668], [4.3967324, 51.3532855]]]}}, {"type": "Feature", "properties": {"name": "Neerhoevelaan", "street_id": "7347", "municipality": "Stabroek", "nis": "11044", "geometry_source": "osm_way", "length_m": 92.0, "osm_way_ids": [75332019, 75332022], "highway_types": ["residential"], "lat": 51.3313216, "lon": 4.3808352}, "geometry": {"type": "MultiLineString", "coordinates": [[[4.3803136, 51.3310701], [4.3804622, 51.3311401], [4.3805271, 51.3311732], [4.3811766, 51.3314851], [4.3813539, 51.3315788]]]}}, {"type": "Feature", "properties": {"name": "Nieuwstraat", "street_id": "7348", "municipality": "Stabroek", "nis": "11044", "geometry_source": "osm_way", "length_m": 115.4, "osm_way_ids": [115877843, 161165556], "highway_types": ["cycleway", "residential"], "lat": 51.3303613, "lon": 4.3692148}, "geometry": {"type": "MultiLineString", "coordinates": [[[4.368551, 51.3300512], [4.3690142, 51.3302676], [4.3698787, 51.3306714]]]}}, {"type": "Feature", "properties": {"name": "Olmenlaan", "street_id": "7349", "municipality": "Stabroek", "nis": "11044", "geometry_source": "osm_way", "length_m": 328.0, "osm_way_ids": [35477793], "highway_types": ["residential"], "lat": 51.3139479, "lon": 4.4026241}, "geometry": {"type": "MultiLineString", "coordinates": [[[4.404564, 51.3147803], [4.4036857, 51.3144028], [4.4018082, 51.3135997], [4.4006855, 51.3131125]]]}}, {"type": "Feature", "properties": {"name": "Onze Lieve Vrouw Geboortestraat", "street_id": "7350", "municipality": "Stabroek", "nis": "11044", "geometry_source": "osm_way", "length_m": 89.7, "osm_way_ids": [370362410], "highway_types": ["residential"], "lat": 51.3072522, "lon": 4.3989419}, "geometry": {"type": "MultiLineString", "coordinates": [[[4.3994702, 51.3074822], [4.3991172, 51.3073272], [4.3984128, 51.3070238]]]}}, {"type": "Feature", "properties": {"name": "Oud Broek", "street_id": "7351", "municipality": "Stabroek", "nis": "11044", "geometry_source": "osm_way", "length_m": 4967.5, "osm_way_ids": [7241790, 40454300, 162961676, 220488476, 223397450, 223397451, 223397452, 400818910, 425529337, 659507128, 1193080894, 1358345429], "highway_types": ["unclassified"], "lat": 51.3468549, "lon": 4.3568985}, "geometry": {"type": "MultiLineString", "coordinates": [[[4.32621, 51.3358557], [4.3273442, 51.3361412], [4.3274366, 51.33616], [4.3275319, 51.3361706], [4.3308294, 51.3364101], [4.3308993, 51.3364186], [4.3309652, 51.3364352], [4.3380405, 51.3393958], [4.3433029, 51.3416197], [4.3447686, 51.3422602], [4.3455305, 51.3425735], [4.3456017, 51.3426077], [4.3456319, 51.3426667], [4.3453998, 51.344066], [4.3454048, 51.3440928], [4.345459, 51.344156]], [[4.3845769, 51.3543775], [4.3845289, 51.3543777], [4.3843821, 51.3543791], [4.3836294, 51.3544296], [4.3808823, 51.354632], [4.3787079, 51.3547943], [4.3783575, 51.3548239], [4.3759005, 51.3550065], [4.3747962, 51.3550772], [4.3746143, 51.355067], [4.3744296, 51.3550135], [4.374369, 51.3549861], [4.3733776, 51.3545383], [4.3713582, 51.3536436], [4.3703199, 51.3532016], [4.369855, 51.3529776], [4.3691122, 51.352648], [4.3688781, 51.3525441], [4.3687145, 51.3524715], [4.3684662, 51.3523585], [4.3680884, 51.3521866], [4.3659816, 51.3512334], [4.3641638, 51.3504366], [4.3606538, 51.3489446], [4.3604933, 51.3488764], [4.3592792, 51.3483602], [4.3561575, 51.3470462], [4.3474962, 51.3434001], [4.3474415, 51.3433866]], [[4.386709, 51.3547899], [4.38917, 51.3552487], [4.3893478, 51.3552829], [4.3893996, 51.3552928], [4.3895918, 51.3553286], [4.3898499, 51.3553651]]]}}, {"type": "Feature", "properties": {"name": "Oude Ertbrandstraat", "street_id": "7352", "municipality": "Stabroek", "nis": "11044", "geometry_source": "osm_way", "length_m": 286.2, "osm_way_ids": [115913028, 115913037, 164550109], "highway_types": ["residential"], "lat": 51.3454838, "lon": 4.3998802}, "geometry": {"type": "MultiLineString", "coordinates": [[[4.398677, 51.3474738], [4.3977632, 51.3474511], [4.3976904, 51.3474907], [4.3976458, 51.3475149]], [[4.3985351, 51.3478723], [4.3985541, 51.3478189], [4.398677, 51.3474738], [4.398804, 51.3472633], [4.3990861, 51.3468696]], [[4.4025795, 51.3416412], [4.40298, 51.3412358], [4.4032992, 51.3409358]]]}}, {"type": "Feature", "properties": {"name": "Palmenlaan", "street_id": "7353", "municipality": "Stabroek", "nis": "11044", "geometry_source": "osm_way", "length_m": 297.2, "osm_way_ids": [35129361], "highway_types": ["residential"], "lat": 51.310198, "lon": 4.4080494}, "geometry": {"type": "MultiLineString", "coordinates": [[[4.4098093, 51.3109509], [4.4062894, 51.3094452]]]}}, {"type": "Feature", "properties": {"name": "Papenweg", "street_id": "140520", "municipality": "Stabroek", "nis": "11044", "geometry_source": "osm_way", "length_m": 139.7, "osm_way_ids": [161162589, 161162594], "highway_types": ["cycleway", "residential"], "lat": 51.3342524, "lon": 4.3607336}, "geometry": {"type": "MultiLineString", "coordinates": [[[4.3599291, 51.3338784], [4.3607112, 51.3342399], [4.3609365, 51.334348], [4.3615375, 51.3346279]]]}}, {"type": "Feature", "properties": {"name": "Parijse Weg", "street_id": "7354", "municipality": "Stabroek", "nis": "11044", "geometry_source": "osm_way", "length_m": 1431.7, "osm_way_ids": [23540493, 83283159, 83283683, 83283684, 164432324, 164831975, 285102016], "highway_types": ["residential", "unclassified"], "lat": 51.3150285, "lon": 4.4072441}, "geometry": {"type": "MultiLineString", "coordinates": [[[4.4017147, 51.3205759], [4.4024819, 51.319805], [4.4035043, 51.3187901], [4.4040929, 51.3181846], [4.4043118, 51.3179508], [4.4054352, 51.3168435], [4.4057952, 51.3164887], [4.4064419, 51.3158449], [4.4077468, 51.3145269], [4.4090466, 51.3132101], [4.409313, 51.3129402], [4.4096626, 51.3125934]], [[4.4099376, 51.3123069], [4.4122686, 51.3099774], [4.412391, 51.3098564], [4.412422, 51.3097971], [4.4125045, 51.3097825], [4.4125879, 51.3097517], [4.4126611, 51.3096886], [4.4129493, 51.3094352]]]}}, {"type": "Feature", "properties": {"name": "Parklaan", "street_id": "7355", "municipality": "Stabroek", "nis": "11044", "geometry_source": "osm_way", "length_m": 432.8, "osm_way_ids": [49511152, 115861745, 248437030], "highway_types": ["residential"], "lat": 51.3345932, "lon": 4.3636106}, "geometry": {"type": "MultiLineString", "coordinates": [[[4.3642518, 51.3350067], [4.363307, 51.3345491], [4.3632245, 51.3345116], [4.3622795, 51.334056]], [[4.3623984, 51.3339631], [4.3632703, 51.3343862], [4.3633431, 51.3344215], [4.364364, 51.334917], [4.364906, 51.33518], [4.3649917, 51.3351126], [4.3652483, 51.3349108]]]}}, {"type": "Feature", "properties": {"name": "Pauwelsdreef", "street_id": "7356", "municipality": "Stabroek", "nis": "11044", "geometry_source": "osm_way", "length_m": 570.6, "osm_way_ids": [28549668, 278474197], "highway_types": ["residential"], "lat": 51.3066913, "lon": 4.3969758}, "geometry": {"type": "MultiLineString", "coordinates": [[[4.3947227, 51.3088306], [4.3986185, 51.3051316], [4.3991863, 51.3045917], [4.3992261, 51.3045492]]]}}, {"type": "Feature", "properties": {"name": "Picoloplein", "street_id": "165027", "municipality": "Stabroek", "nis": "11044", "geometry_source": "osm_way", "length_m": 1113.7, "osm_way_ids": [155497343, 246433748, 246433751, 246433757, 246433759, 246433761, 247181751, 933035400], "highway_types": ["pedestrian", "service"], "lat": 51.3301459, "lon": 4.3635697}, "geometry": {"type": "MultiLineString", "coordinates": [[[4.3621551, 51.3306725], [4.3621791, 51.3306521], [4.3622253, 51.3306128], [4.3628601, 51.3300728], [4.3628715, 51.3300632], [4.3629516, 51.3299958], [4.3634171, 51.3296041], [4.3634678, 51.3295615], [4.3634964, 51.3295375]], [[4.362712, 51.3296745], [4.3630066, 51.3298112], [4.3631616, 51.3296808], [4.362867, 51.3295441]], [[4.3628269, 51.3310614], [4.3629485, 51.3310005], [4.362964, 51.3309875], [4.3636284, 51.3304293], [4.3636403, 51.3304193], [4.3637199, 51.3303524], [4.3638851, 51.3302133], [4.3640309, 51.3300907], [4.3641854, 51.3299606]], [[4.3629336, 51.329382], [4.3630165, 51.3294182]], [[4.3641854, 51.3299606], [4.3645422, 51.3301262], [4.3648123, 51.3302515], [4.3646577, 51.3303816], [4.364512, 51.3305042], [4.3644827, 51.3305288], [4.3643467, 51.3306432], [4.3642553, 51.3307202], [4.3641057, 51.330846], [4.3636248, 51.3306229]], [[4.3641854, 51.3299606], [4.3638214, 51.3297917], [4.3634171, 51.3296041], [4.3630165, 51.3294182], [4.362867, 51.3295441], [4.362712, 51.3296745], [4.362551, 51.3298099], [4.3629516, 51.3299958], [4.3633559, 51.3301834], [4.3637199, 51.3303524], [4.3640766, 51.3305179], [4.3643467, 51.3306432]], [[4.3646577, 51.3303816], [4.3643876, 51.3302562], [4.3640309, 51.3300907], [4.3636669, 51.3299218], [4.3634005, 51.3297982], [4.3632547, 51.3299208], [4.3635211, 51.3300444], [4.3638851, 51.3302133], [4.3642419, 51.3303789], [4.364512, 51.3305042]]]}}, {"type": "Feature", "properties": {"name": "Pieter Jozef Tijsmanslaan", "street_id": "7357", "municipality": "Stabroek", "nis": "11044", "geometry_source": "osm_way", "length_m": 552.9, "osm_way_ids": [75339624, 75339656, 75339659, 908032892, 1334833911], "highway_types": ["residential"], "lat": 51.3032952, "lon": 4.4031211}, "geometry": {"type": "MultiLineString", "coordinates": [[[4.4049234, 51.3031388], [4.4048819, 51.3031092], [4.4044712, 51.3029684], [4.4027105, 51.3023488]], [[4.4028607, 51.3020863], [4.4027105, 51.3023488], [4.4019391, 51.3038763], [4.4023937, 51.3039868], [4.4028523, 51.3041057], [4.4030555, 51.3041548], [4.4032566, 51.3042036], [4.4039778, 51.3043847], [4.4041446, 51.3044312]]]}}, {"type": "Feature", "properties": {"name": "Plantinlaan", "street_id": "7358", "municipality": "Stabroek", "nis": "11044", "geometry_source": "osm_way", "length_m": 1374.9, "osm_way_ids": [23540171, 23540172, 26157642, 26157693, 40454280, 223397455, 295392713], "highway_types": ["residential"], "lat": 51.3501488, "lon": 4.3908431}, "geometry": {"type": "MultiLineString", "coordinates": [[[4.3911897, 51.3502843], [4.3900244, 51.3505]], [[4.3913836, 51.3554656], [4.3917403, 51.3537241], [4.3917271, 51.3535949], [4.3916747, 51.3534311], [4.3916373, 51.3533792]], [[4.3915466, 51.3532465], [4.3915694, 51.3532397], [4.3915935, 51.3532361], [4.3916273, 51.3532364], [4.3916558, 51.3532417], [4.3916823, 51.3532518], [4.3917021, 51.3532647], [4.3917175, 51.353282], [4.3917245, 51.3532992], [4.3917237, 51.3533165], [4.3917199, 51.3533307], [4.3917125, 51.3533435], [4.3916986, 51.353355], [4.3916722, 51.3533697], [4.3916373, 51.3533792], [4.3915924, 51.3533807], [4.3915523, 51.3533724], [4.391529, 51.3533619], [4.3915114, 51.353349], [4.3914974, 51.3533309], [4.3914918, 51.3533115], [4.391493, 51.3532978], [4.3915031, 51.3532771], [4.391519, 51.3532616], [4.3915466, 51.3532465]], [[4.3915466, 51.3532465], [4.3914172, 51.353153], [4.3913424, 51.3531009], [4.391183, 51.352961], [4.3910457, 51.3527233], [4.3909156, 51.3524454], [4.3908026, 51.3522098], [4.3907141, 51.3520073], [4.3900244, 51.3505], [4.3894273, 51.3492407], [4.3894237, 51.3491147], [4.3894666, 51.3489914], [4.3895941, 51.3488178], [4.3909505, 51.3469439], [4.39176, 51.3458296], [4.391844, 51.3456929], [4.3923777, 51.3449642], [4.3924, 51.3449359], [4.3924302, 51.3448587]]]}}, {"type": "Feature", "properties": {"name": "Plasstraat", "street_id": "7359", "municipality": "Stabroek", "nis": "11044", "geometry_source": "address_points", "length_m": null, "osm_way_ids": [], "highway_types": [], "lat": 51.3048559, "lon": 4.4130631}, "geometry": {"type": "MultiPoint", "coordinates": [[4.416713647630414, 51.30683947557717], [4.411034481757013, 51.3036619587838], [4.416230288476779, 51.30659384925772], [4.411122840921869, 51.30369715999185], [4.413455821590298, 51.30523594757857], [4.411456808093818, 51.303870058761724], [4.4104663326088875, 51.30345130303566], [4.411191123638503, 51.303729851781625], [4.411694599234758, 51.30408047236253], [4.413589768301946, 51.30525477113814], [4.411535129047916, 51.30390337583879], [4.410525724936336, 51.3034844477991], [4.413651467972498, 51.30529663186237], [4.410594618008395, 51.30355821527429], [4.416843787532801, 51.30691456235949], [4.410674931330988, 51.30357634234177], [4.413273760666827, 51.3051368786789], [4.416282520495782, 51.306628342217245], [4.416474038766719, 51.30670906689673], [4.410780193406786, 51.303593741312085], [4.416024256141893, 51.306482121195224], [4.41651669523792, 51.306774033240224], [4.411251394512811, 51.303781691077035], [4.41688140316636, 51.306957959263165], [4.411620898641228, 51.303928510966635], [4.416119934664101, 51.30651443948947], [4.410962184408974, 51.30362926835703], [4.416624716783114, 51.30681587343309], [4.411319251791839, 51.3038192365135], [4.41203067660157, 51.30420519257807], [4.4158691476922325, 51.30638735969225], [4.411689182047099, 51.30396120246616], [4.412271964574141, 51.30431853238625], [4.412658961226218, 51.30460609586359], [4.415976440876807, 51.30641958353447], [4.413217512001903, 51.30509663353202], [4.412964396641761, 51.304918046694155], [4.413088947816587, 51.30500859927648], [4.412775551227984, 51.30476963501553], [4.412397806471894, 51.30441241082613], [4.412715281257575, 51.30472184115281], [4.412835831007249, 51.30482749549521], [4.412106992870002, 51.304240397514654], [4.412482169995827, 51.30446522914975], [4.41234155943994, 51.304372165251124], [4.413145201139969, 51.30505387780971], [4.412602704099778, 51.30455578376613], [4.412884046697382, 51.30486522720471], [4.412534402345267, 51.304505476163996], [4.412199373614522, 51.304280629743566], [4.413020647303254, 51.304960808626234], [4.410962184408974, 51.30362926835703], [4.416282520495782, 51.306628342217245], [4.413217512001903, 51.30509663353202], [4.412271964574141, 51.30431853238625], [4.412397806471894, 51.30441241082613], [4.412964396641761, 51.304918046694155], [4.411034481757013, 51.3036619587838], [4.412715281257575, 51.30472184115281], [4.413217512001903, 51.30509663353202]]}}, {"type": "Feature", "properties": {"name": "Platanenlaan", "street_id": "7360", "municipality": "Stabroek", "nis": "11044", "geometry_source": "osm_way", "length_m": 638.3, "osm_way_ids": [35129354, 285102017, 285102019], "highway_types": ["residential"], "lat": 51.3112144, "lon": 4.4043658}, "geometry": {"type": "MultiLineString", "coordinates": [[[4.4018082, 51.3135997], [4.4031027, 51.3123699], [4.4049542, 51.3106638], [4.4051924, 51.3104557], [4.4056022, 51.3100719], [4.4062894, 51.3094452], [4.4064103, 51.3093287], [4.4069436, 51.3088509]]]}}, {"type": "Feature", "properties": {"name": "Polderstraat", "street_id": "7361", "municipality": "Stabroek", "nis": "11044", "geometry_source": "osm_way", "length_m": 210.7, "osm_way_ids": [182388086], "highway_types": ["unclassified"], "lat": 51.3292137, "lon": 4.3559117}, "geometry": {"type": "MultiLineString", "coordinates": [[[4.3550126, 51.3299752], [4.3553768, 51.3296668], [4.3567157, 51.3285328], [4.3567711, 51.3284823], [4.3568111, 51.3284529]]]}}, {"type": "Feature", "properties": {"name": "Pootjespad", "street_id": "140523", "municipality": "Stabroek", "nis": "11044", "geometry_source": "osm_way", "length_m": 80.2, "osm_way_ids": [723830892], "highway_types": ["footway"], "lat": 51.333415, "lon": 4.3809071}, "geometry": {"type": "MultiLineString", "coordinates": [[[4.3813777, 51.3336249], [4.3805603, 51.3332587], [4.3804323, 51.3332159]]]}}, {"type": "Feature", "properties": {"name": "Populierenlaan", "street_id": "7362", "municipality": "Stabroek", "nis": "11044", "geometry_source": "osm_way", "length_m": 385.3, "osm_way_ids": [35129355], "highway_types": ["residential"], "lat": 51.3118211, "lon": 4.4048998}, "geometry": {"type": "MultiLineString", "coordinates": [[[4.4065437, 51.3104593], [4.4057029, 51.3112312], [4.4040531, 51.3127389], [4.4036068, 51.3125656], [4.4031027, 51.3123699]]]}}, {"type": "Feature", "properties": {"name": "Puttestraat", "street_id": "7363", "municipality": "Stabroek", "nis": "11044", "geometry_source": "osm_way", "length_m": 277.3, "osm_way_ids": [223667335, 427629824], "highway_types": ["primary"], "lat": 51.354741, "lon": 4.3955985}, "geometry": {"type": "MultiLineString", "coordinates": [[[4.396489, 51.3536263], [4.396377, 51.3537728], [4.3962788, 51.3539059], [4.3955681, 51.3547798], [4.3952118, 51.355215], [4.3951606, 51.3552815], [4.394906, 51.3555897], [4.394706, 51.3558542]]]}}, {"type": "Feature", "properties": {"name": "Randerode", "street_id": "7364", "municipality": "Stabroek", "nis": "11044", "geometry_source": "osm_way", "length_m": 839.5, "osm_way_ids": [75331958, 75331962, 75390586, 75390947, 75390951, 75390969, 75390970, 164791952, 165402072, 285098168, 285098170], "highway_types": ["cycleway", "residential"], "lat": 51.3296628, "lon": 4.3873711}, "geometry": {"type": "MultiLineString", "coordinates": [[[4.3846592, 51.32869], [4.3847827, 51.3286668], [4.384844, 51.3286922], [4.3848536, 51.3287319], [4.3854866, 51.3290064], [4.385629, 51.3290545], [4.3857574, 51.3290852], [4.385895, 51.3291062], [4.386082, 51.329134]], [[4.3867685, 51.3295336], [4.3860868, 51.3292144], [4.386082, 51.329134]], [[4.386082, 51.329134], [4.3862146, 51.3291123], [4.3868901, 51.329429], [4.3875834, 51.3297488], [4.3879685, 51.3299311], [4.3886975, 51.3302689]], [[4.3874585, 51.32985], [4.3867685, 51.3295336]], [[4.3867685, 51.3295336], [4.3868901, 51.329429]], [[4.3886975, 51.3302689], [4.3885762, 51.3303732], [4.3878451, 51.3300323], [4.3874585, 51.32985]], [[4.388597, 51.3289263], [4.3875834, 51.3297488], [4.3874585, 51.32985]], [[4.3878451, 51.3300323], [4.3879685, 51.3299311]], [[4.3886975, 51.3302689], [4.3889002, 51.3303651], [4.3887841, 51.3304693], [4.3894112, 51.3307483], [4.3895333, 51.330642]]]}}, {"type": "Feature", "properties": {"name": "Rekkestraat", "street_id": "7365", "municipality": "Stabroek", "nis": "11044", "geometry_source": "osm_way", "length_m": 97.0, "osm_way_ids": [165401078], "highway_types": ["residential"], "lat": 51.3066838, "lon": 4.4070673}, "geometry": {"type": "MultiLineString", "coordinates": [[[4.4076579, 51.3069151], [4.4073977, 51.306811], [4.4070521, 51.3066769], [4.4064753, 51.3064559]]]}}, {"type": "Feature", "properties": {"name": "Riddershoevelaan", "street_id": "7366", "municipality": "Stabroek", "nis": "11044", "geometry_source": "osm_way", "length_m": 369.7, "osm_way_ids": [75339703], "highway_types": ["residential"], "lat": 51.3345797, "lon": 4.3774701}, "geometry": {"type": "MultiLineString", "coordinates": [[[4.3753454, 51.3335849], [4.3754039, 51.3336105], [4.376468, 51.3341159], [4.3765629, 51.3341627], [4.3766847, 51.3342458], [4.3767441, 51.3342561], [4.3796043, 51.3355578]]]}}, {"type": "Feature", "properties": {"name": "Rijstraat", "street_id": "7367", "municipality": "Stabroek", "nis": "11044", "geometry_source": "osm_way", "length_m": 698.4, "osm_way_ids": [75339690], "highway_types": ["unclassified"], "lat": 51.3188459, "lon": 4.3856951}, "geometry": {"type": "MultiLineString", "coordinates": [[[4.3897699, 51.320668], [4.3896903, 51.3206397], [4.3896327, 51.3206192], [4.3889226, 51.3203006], [4.3886092, 51.32016], [4.3880442, 51.3199065], [4.3872485, 51.3195494], [4.3851409, 51.3185945], [4.3816688, 51.3170309], [4.3816237, 51.3170154]]]}}, {"type": "Feature", "properties": {"name": "Rode Weg", "street_id": "7368", "municipality": "Stabroek", "nis": "11044", "geometry_source": "osm_way", "length_m": 707.5, "osm_way_ids": [76090783], "highway_types": ["track"], "lat": 51.3215961, "lon": 4.3947264}, "geometry": {"type": "MultiLineString", "coordinates": [[[4.3987578, 51.3235361], [4.3947217, 51.3215776], [4.3916023, 51.3201125], [4.390792, 51.3197409], [4.3906801, 51.3196875]]]}}, {"type": "Feature", "properties": {"name": "Rode-Hoevelaan", "street_id": "7369", "municipality": "Stabroek", "nis": "11044", "geometry_source": "osm_way", "length_m": 520.0, "osm_way_ids": [75332013], "highway_types": ["residential"], "lat": 51.3295011, "lon": 4.3829097}, "geometry": {"type": "MultiLineString", "coordinates": [[[4.3804091, 51.3293688], [4.3804893, 51.329405], [4.381536, 51.3298814], [4.3816275, 51.3299619], [4.3818026, 51.3300416], [4.3819073, 51.3300897], [4.3826195, 51.3304107], [4.3827372, 51.330386], [4.3846379, 51.3287265], [4.3846592, 51.32869], [4.3846506, 51.328641], [4.3846086, 51.328606], [4.3838899, 51.3282606], [4.3838282, 51.3282359], [4.383769, 51.3282324], [4.3837183, 51.3282412]]]}}, {"type": "Feature", "properties": {"name": "Rolafhoevelaan", "street_id": "7370", "municipality": "Stabroek", "nis": "11044", "geometry_source": "osm_way", "length_m": 141.2, "osm_way_ids": [115877847], "highway_types": ["residential"], "lat": 51.3340887, "lon": 4.3809921}, "geometry": {"type": "MultiLineString", "coordinates": [[[4.3801686, 51.3337205], [4.3802821, 51.333768], [4.3809088, 51.3340508], [4.3818142, 51.33446]]]}}, {"type": "Feature", "properties": {"name": "Rosdijkweg", "street_id": "7371", "municipality": "Stabroek", "nis": "11044", "geometry_source": "osm_way", "length_m": 316.2, "osm_way_ids": [131722091], "highway_types": ["track"], "lat": 51.2978635, "lon": 4.4001789}, "geometry": {"type": "MultiLineString", "coordinates": [[[4.3981284, 51.2972566], [4.4015616, 51.2982729], [4.4021188, 51.2984382], [4.402231, 51.2984642]]]}}, {"type": "Feature", "properties": {"name": "Seringenlaan", "street_id": "7373", "municipality": "Stabroek", "nis": "11044", "geometry_source": "osm_way", "length_m": 365.6, "osm_way_ids": [35481162], "highway_types": ["residential"], "lat": 51.3151143, "lon": 4.4054456}, "geometry": {"type": "MultiLineString", "coordinates": [[[4.4054534, 51.3139229], [4.4056145, 51.3139984], [4.406328, 51.3142868], [4.4063603, 51.3143529], [4.4063247, 51.3144443], [4.4041807, 51.3165109]]]}}, {"type": "Feature", "properties": {"name": "Sierkerslaan", "street_id": "7374", "municipality": "Stabroek", "nis": "11044", "geometry_source": "osm_way", "length_m": 278.4, "osm_way_ids": [49511151], "highway_types": ["residential"], "lat": 51.3355329, "lon": 4.3620735}, "geometry": {"type": "MultiLineString", "coordinates": [[[4.36084, 51.3365167], [4.363307, 51.3345491]]]}}, {"type": "Feature", "properties": {"name": "Sigarenstraat", "street_id": "7375", "municipality": "Stabroek", "nis": "11044", "geometry_source": "osm_way", "length_m": 622.0, "osm_way_ids": [75326344, 161166747], "highway_types": ["residential"], "lat": 51.3325118, "lon": 4.3743018}, "geometry": {"type": "MultiLineString", "coordinates": [[[4.3716158, 51.3347453], [4.3717024, 51.3346732], [4.3731969, 51.3334288], [4.3749355, 51.3319787], [4.3760764, 51.3310439], [4.3769919, 51.3302834]]]}}, {"type": "Feature", "properties": {"name": "Sint Catharinastraat", "street_id": "7376", "municipality": "Stabroek", "nis": "11044", "geometry_source": "osm_way", "length_m": 625.8, "osm_way_ids": [75326390, 164791954], "highway_types": ["residential"], "lat": 51.3320785, "lon": 4.3733118}, "geometry": {"type": "MultiLineString", "coordinates": [[[4.3706079, 51.334323], [4.3706928, 51.3342518], [4.3707001, 51.3342456], [4.3719281, 51.3332235], [4.3719809, 51.333183], [4.3724135, 51.3328267], [4.3726324, 51.3326461], [4.3732763, 51.3321103], [4.3737311, 51.3317309], [4.3738384, 51.3316437], [4.3739313, 51.3315728], [4.3740136, 51.331502], [4.3741055, 51.3314203], [4.376014, 51.329832]]]}}, {"type": "Feature", "properties": {"name": "Sint Hubertusstraat", "street_id": "7377", "municipality": "Stabroek", "nis": "11044", "geometry_source": "osm_way", "length_m": 201.4, "osm_way_ids": [32349140], "highway_types": ["residential"], "lat": 51.3065699, "lon": 4.3999085}, "geometry": {"type": "MultiLineString", "coordinates": [[[4.4006998, 51.3058125], [4.3991172, 51.3073272]]]}}, {"type": "Feature", "properties": {"name": "Sint Jacobstraat", "street_id": "7378", "municipality": "Stabroek", "nis": "11044", "geometry_source": "osm_way", "length_m": 1105.8, "osm_way_ids": [76185592, 76185616, 223667336, 223667339], "highway_types": ["unclassified"], "lat": 51.3196477, "lon": 4.3712215}, "geometry": {"type": "MultiLineString", "coordinates": [[[4.3656241, 51.3161743], [4.3656367, 51.316208], [4.3663604, 51.3165638], [4.3678555, 51.3174819], [4.3714819, 51.3197426], [4.3734882, 51.3209821], [4.3744222, 51.3215894], [4.374437, 51.321615], [4.3744407, 51.3216457], [4.3744276, 51.3216736], [4.3743933, 51.3217017], [4.3742123, 51.3218327], [4.3742002, 51.3218613], [4.3742062, 51.3218893], [4.374228, 51.3219141], [4.3743372, 51.3219789], [4.3749968, 51.3223285], [4.37534, 51.3224688], [4.3765296, 51.3229279], [4.3766005, 51.3229552]]]}}, {"type": "Feature", "properties": {"name": "Slijkweg", "street_id": "7379", "municipality": "Stabroek", "nis": "11044", "geometry_source": "osm_way", "length_m": 703.6, "osm_way_ids": [75339495, 163746926, 1339263072, 1339263073], "highway_types": ["track", "unclassified"], "lat": 51.3005206, "lon": 4.4063206}, "geometry": {"type": "MultiLineString", "coordinates": [[[4.410489, 51.3021321], [4.4101013, 51.3020064], [4.4092181, 51.3016712], [4.4089674, 51.3015761], [4.4086451, 51.3014689], [4.4069647, 51.3008612], [4.4062459, 51.3005191], [4.4062024, 51.3005026], [4.4059999, 51.3004235], [4.4045981, 51.3000246], [4.4044604, 51.299957], [4.4023564, 51.2985172]]]}}, {"type": "Feature", "properties": {"name": "Smalle Weg", "street_id": "7380", "municipality": "Stabroek", "nis": "11044", "geometry_source": "osm_way", "length_m": 1001.2, "osm_way_ids": [76090184, 644862325, 644862326], "highway_types": ["unclassified"], "lat": 51.3078454, "lon": 4.38169}, "geometry": {"type": "MultiLineString", "coordinates": [[[4.3867745, 51.3109191], [4.386732, 51.3108872], [4.3866735, 51.3108588], [4.3850194, 51.3099045], [4.3838838, 51.3092556], [4.3814562, 51.3078486], [4.3806121, 51.3072615], [4.377887, 51.3053969], [4.3776402, 51.3052091], [4.3773935, 51.3049274], [4.3771789, 51.304753], [4.3771047, 51.3046957], [4.3768141, 51.3044713]]]}}, {"type": "Feature", "properties": {"name": "Smoutakker", "street_id": "7381", "municipality": "Stabroek", "nis": "11044", "geometry_source": "osm_way", "length_m": 513.5, "osm_way_ids": [75321361, 161165557, 164791950], "highway_types": ["living_street", "residential"], "lat": 51.3310712, "lon": 4.3694088}, "geometry": {"type": "MultiLineString", "coordinates": [[[4.3672143, 51.3329276], [4.3673026, 51.3328558], [4.3673153, 51.332845], [4.3685902, 51.331761], [4.3689018, 51.3314936], [4.3698787, 51.3306714], [4.3700534, 51.3305241], [4.3709158, 51.3297971], [4.3716119, 51.329225]]]}}, {"type": "Feature", "properties": {"name": "Sneppenhoevelaan", "street_id": "7382", "municipality": "Stabroek", "nis": "11044", "geometry_source": "osm_way", "length_m": 164.5, "osm_way_ids": [75331964], "highway_types": ["residential"], "lat": 51.33063, "lon": 4.387151}, "geometry": {"type": "MultiLineString", "coordinates": [[[4.3864568, 51.3312277], [4.3878451, 51.3300323]]]}}, {"type": "Feature", "properties": {"name": "Sparrenlaan", "street_id": "7383", "municipality": "Stabroek", "nis": "11044", "geometry_source": "osm_way", "length_m": 333.3, "osm_way_ids": [28549445, 28709668, 124335492], "highway_types": ["residential"], "lat": 51.3143443, "lon": 4.3991972}, "geometry": {"type": "MultiLineString", "coordinates": [[[4.4007353, 51.31508], [4.3992555, 51.314429], [4.3980289, 51.3139076]], [[4.3981668, 51.3137678], [4.3994087, 51.3142831]]]}}, {"type": "Feature", "properties": {"name": "Sportweg", "street_id": "7384", "municipality": "Stabroek", "nis": "11044", "geometry_source": "osm_way", "length_m": 285.2, "osm_way_ids": [248895349], "highway_types": ["residential"], "lat": 51.3348671, "lon": 4.3682796}, "geometry": {"type": "MultiLineString", "coordinates": [[[4.3695971, 51.3338894], [4.3695283, 51.3339436], [4.3695001, 51.3339659], [4.3694719, 51.3339881], [4.3691883, 51.3342], [4.368786, 51.3344903], [4.3684472, 51.3347397], [4.3676148, 51.335356], [4.3674438, 51.3354802], [4.3671905, 51.3356771], [4.3669695, 51.3358545]]]}}, {"type": "Feature", "properties": {"name": "Steenlandlaan", "street_id": "7385", "municipality": "Stabroek", "nis": "11044", "geometry_source": "osm_way", "length_m": 664.3, "osm_way_ids": [26157552], "highway_types": ["residential"], "lat": 51.3490103, "lon": 4.3916994}, "geometry": {"type": "MultiLineString", "coordinates": [[[4.3928113, 51.346206], [4.3915492, 51.3479598], [4.3906975, 51.3491391], [4.3911897, 51.3502843], [4.391367, 51.3506937], [4.3930438, 51.351066], [4.393086, 51.3510771]]]}}, {"type": "Feature", "properties": {"name": "Sterrehoevelaan", "street_id": "7386", "municipality": "Stabroek", "nis": "11044", "geometry_source": "osm_way", "length_m": 331.6, "osm_way_ids": [75331968, 75332027], "highway_types": ["residential"], "lat": 51.3325539, "lon": 4.3797106}, "geometry": {"type": "MultiLineString", "coordinates": [[[4.3792026, 51.333306], [4.3790801, 51.333219], [4.3782953, 51.3328546], [4.378195, 51.3328095]], [[4.3790801, 51.333219], [4.3794662, 51.3328926], [4.379526, 51.3328431], [4.3811766, 51.3314851]]]}}, {"type": "Feature", "properties": {"name": "Torense Weg", "street_id": "7387", "municipality": "Stabroek", "nis": "11044", "geometry_source": "osm_way", "length_m": 2479.4, "osm_way_ids": [49156636, 76091851, 162957976, 223397453, 223397454, 247181754, 285096559, 856437600, 856437601, 1193080896, 1193081087], "highway_types": ["unclassified"], "lat": 51.3369856, "lon": 4.3498726}, "geometry": {"type": "MultiLineString", "coordinates": [[[4.3469478, 51.3411747], [4.3467459, 51.3411622], [4.3461805, 51.341122], [4.3461047, 51.3411143], [4.3460472, 51.3410966], [4.3460095, 51.3410789], [4.345979, 51.3410459], [4.3459656, 51.3410089], [4.3459681, 51.3409831], [4.3463086, 51.3392531], [4.3461817, 51.3392971], [4.3441395, 51.3409386], [4.3436851, 51.341308], [4.3433029, 51.3416197]], [[4.3474415, 51.3433866], [4.347374, 51.3433577], [4.3467529, 51.3430896], [4.346675, 51.343047], [4.3466446, 51.3430043], [4.346647, 51.3428435], [4.3468006, 51.3421226], [4.3469478, 51.3411747]], [[4.3469478, 51.3411747], [4.3469734, 51.3410516], [4.3474311, 51.3383257], [4.3474429, 51.3382992], [4.3474655, 51.3382751], [4.3570112, 51.3305989], [4.3570625, 51.3305576], [4.358359, 51.3295139], [4.3585462, 51.3293647], [4.3586138, 51.3293124], [4.3586633, 51.3292741]]]}}, {"type": "Feature", "properties": {"name": "Van Aerdensteegje", "street_id": "181232", "municipality": "Stabroek", "nis": "11044", "geometry_source": "osm_way", "length_m": 306.7, "osm_way_ids": [164549551], "highway_types": ["track"], "lat": 51.3321362, "lon": 4.3692308}, "geometry": {"type": "MultiLineString", "coordinates": [[[4.3678602, 51.3331994], [4.3679622, 51.3331141], [4.3682214, 51.3328975], [4.3685612, 51.332709], [4.3705774, 51.3310374]]]}}, {"type": "Feature", "properties": {"name": "Van De Wouwersteeg", "street_id": "7388", "municipality": "Stabroek", "nis": "11044", "geometry_source": "osm_way", "length_m": 65.1, "osm_way_ids": [164549552], "highway_types": ["living_street"], "lat": 51.3289642, "lon": 4.3691253}, "geometry": {"type": "MultiLineString", "coordinates": [[[4.3690931, 51.3291704], [4.3689356, 51.3290978], [4.3693816, 51.3287289]]]}}, {"type": "Feature", "properties": {"name": "Veldstraat", "street_id": "7389", "municipality": "Stabroek", "nis": "11044", "geometry_source": "osm_way", "length_m": 815.3, "osm_way_ids": [26157238, 26157388, 177951604, 1356453177], "highway_types": ["residential", "service"], "lat": 51.3502292, "lon": 4.3949725}, "geometry": {"type": "MultiLineString", "coordinates": [[[4.3946994, 51.3510473], [4.3932893, 51.3507262]], [[4.3936457, 51.3531353], [4.3939547, 51.3525324], [4.3944302, 51.3516044], [4.394643, 51.351169], [4.3946915, 51.3510881], [4.3946994, 51.3510473], [4.3954696, 51.3495323], [4.3957141, 51.3490312], [4.3957758, 51.3488202], [4.3960199, 51.3483611], [4.3961218, 51.3482104], [4.3966813, 51.3471086], [4.3967131, 51.347046]]]}}, {"type": "Feature", "properties": {"name": "Vleminckweg", "street_id": "7390", "municipality": "Stabroek", "nis": "11044", "geometry_source": "osm_way", "length_m": 1552.4, "osm_way_ids": [76090187], "highway_types": ["unclassified"], "lat": 51.3097614, "lon": 4.3709006}, "geometry": {"type": "MultiLineString", "coordinates": [[[4.3771047, 51.3046957], [4.3768356, 51.3048066], [4.3765137, 51.3048871], [4.3761489, 51.3049542], [4.3757412, 51.3050213], [4.3753872, 51.3051152], [4.375001, 51.3052493], [4.3745396, 51.305417], [4.374207, 51.3055444], [4.3739281, 51.305692], [4.3737349, 51.3059133], [4.3734667, 51.3062353], [4.3716321, 51.3085291], [4.3693576, 51.3114063], [4.3672011, 51.3141424], [4.365635, 51.3161227], [4.3656241, 51.3161743]]]}}, {"type": "Feature", "properties": {"name": "Vlierbeslaan", "street_id": "7391", "municipality": "Stabroek", "nis": "11044", "geometry_source": "osm_way", "length_m": 347.8, "osm_way_ids": [35481164, 35481165], "highway_types": ["residential"], "lat": 51.3161341, "lon": 4.4026799}, "geometry": {"type": "MultiLineString", "coordinates": [[[4.4009402, 51.3157018], [4.4020599, 51.3162077]], [[4.4045565, 51.3166784], [4.4041807, 51.3165109], [4.4035841, 51.3162781], [4.4031379, 51.3160823], [4.4026039, 51.315834], [4.4025475, 51.3158367], [4.4024508, 51.3158413], [4.4020599, 51.3162077], [4.40185, 51.3164046]]]}}, {"type": "Feature", "properties": {"name": "Vossenpad", "street_id": "7392", "municipality": "Stabroek", "nis": "11044", "geometry_source": "osm_way", "length_m": 132.0, "osm_way_ids": [75392990], "highway_types": ["residential"], "lat": 51.3301334, "lon": 4.3720845}, "geometry": {"type": "MultiLineString", "coordinates": [[[4.3726326, 51.3296499], [4.3715363, 51.3306169]]]}}, {"type": "Feature", "properties": {"name": "Vossenveldlaan", "street_id": "7393", "municipality": "Stabroek", "nis": "11044", "geometry_source": "osm_way", "length_m": 408.9, "osm_way_ids": [23540242, 888167309, 935718422], "highway_types": ["service", "unclassified"], "lat": 51.3410663, "lon": 4.3895013}, "geometry": {"type": "MultiLineString", "coordinates": [[[4.3876957, 51.3424513], [4.387761, 51.3424045], [4.387811, 51.34237], [4.3888692, 51.3416107], [4.3905648, 51.3403402], [4.3905846, 51.3403162], [4.3906039, 51.3402877], [4.3906147, 51.3402417], [4.3906164, 51.340198], [4.3906077, 51.3401648], [4.3905935, 51.3401418], [4.3905599, 51.3401011], [4.3905992, 51.3400804], [4.3906201, 51.3400496], [4.3906148, 51.3400142], [4.3905948, 51.3399927], [4.3906647, 51.3399309], [4.3907067, 51.3398861], [4.390991, 51.3396188], [4.3910579, 51.3395559]]]}}, {"type": "Feature", "properties": {"name": "Waterstraat", "street_id": "7394", "municipality": "Stabroek", "nis": "11044", "geometry_source": "osm_way", "length_m": 1096.1, "osm_way_ids": [131003447, 374161354, 374161356, 374161359, 888227402], "highway_types": ["path", "service", "track"], "lat": 51.3348046, "lon": 4.396603}, "geometry": {"type": "MultiLineString", "coordinates": [[[4.3928328, 51.3342742], [4.3930443, 51.3342652], [4.3931237, 51.3342069], [4.3940157, 51.3333958], [4.395175, 51.3324071]], [[4.3947121, 51.3347226], [4.3965443, 51.3331067]], [[4.3979211, 51.3337869], [4.3966695, 51.3349249], [4.3965597, 51.3350233], [4.3964488, 51.3351227], [4.3964125, 51.3351445], [4.3961977, 51.3352554], [4.3960856, 51.3352875], [4.3959876, 51.3352904]], [[4.4003164, 51.3349893], [4.3993757, 51.335901], [4.3989887, 51.3362777], [4.3989351, 51.3363283], [4.3983765, 51.3368575], [4.3972693, 51.3379003]]]}}, {"type": "Feature", "properties": {"name": "Werfken", "street_id": "7395", "municipality": "Stabroek", "nis": "11044", "geometry_source": "osm_way", "length_m": 128.0, "osm_way_ids": [161162593, 1466156275], "highway_types": ["cycleway", "living_street"], "lat": 51.331819, "lon": 4.3626637}, "geometry": {"type": "MultiLineString", "coordinates": [[[4.3620462, 51.3321686], [4.362246, 51.332168], [4.3625458, 51.3319339], [4.3631708, 51.3314094], [4.3632343, 51.331351]]]}}, {"type": "Feature", "properties": {"name": "Wilgenlaan", "street_id": "7396", "municipality": "Stabroek", "nis": "11044", "geometry_source": "osm_way", "length_m": 377.1, "osm_way_ids": [35129359, 164831232], "highway_types": ["residential"], "lat": 51.3093814, "lon": 4.4082019}, "geometry": {"type": "MultiLineString", "coordinates": [[[4.4059523, 51.3084456], [4.4063726, 51.3086172], [4.4069436, 51.3088509], [4.4083256, 51.3094282], [4.410446, 51.3103304]]]}}, {"type": "Feature", "properties": {"name": "Witvenpad", "street_id": "142890", "municipality": "Stabroek", "nis": "11044", "geometry_source": "osm_way", "length_m": 103.7, "osm_way_ids": [32349348, 163124533], "highway_types": ["unclassified"], "lat": 51.3082565, "lon": 4.4090991}, "geometry": {"type": "MultiLineString", "coordinates": [[[4.4092685, 51.3078184], [4.4092196, 51.3078703], [4.4091581, 51.3079676], [4.4091149, 51.3080927], [4.4090449, 51.3083852], [4.4090305, 51.3085312], [4.4090472, 51.3086504], [4.4090598, 51.3087272]]]}}, {"type": "Feature", "properties": {"name": "Witvenstraat", "street_id": "7397", "municipality": "Stabroek", "nis": "11044", "geometry_source": "osm_way", "length_m": 1099.1, "osm_way_ids": [28549286, 164828719, 164828721, 164829407, 426372817], "highway_types": ["residential"], "lat": 51.3074389, "lon": 4.4055406}, "geometry": {"type": "MultiLineString", "coordinates": [[[4.412422, 51.3097971], [4.4120728, 51.3097517], [4.4115893, 51.3096728], [4.4112813, 51.3096109], [4.4111713, 51.3095879], [4.4106582, 51.3094261], [4.4102179, 51.3092342], [4.4092356, 51.3088117], [4.4090598, 51.3087272], [4.4081867, 51.3083394], [4.4067493, 51.3077041], [4.4065814, 51.3076331], [4.4063229, 51.3075342], [4.4061373, 51.3074698], [4.4057419, 51.3073319], [4.4056777, 51.3073147], [4.4056039, 51.3072926], [4.4042202, 51.3068675], [4.4041551, 51.3068491], [4.4040032, 51.3068057], [4.4039295, 51.3067818], [4.4038353, 51.3067505], [4.4027622, 51.3064263], [4.4020346, 51.3062154], [4.4019186, 51.3061794], [4.4006998, 51.3058125], [4.3986185, 51.3051316]]]}}]}